code;nom;groupe;kcal;proteines;glucides;lipides
40601;Abat, cuit (aliment moyen);viandes, œufs, poissons et assimilés;162.0;25.1;1.36;6.24
12112;Abondance;produits laitiers et assimilés;393.0;27.1;0.0;31.6
13000;Abricot, dénoyauté, cru;fruits, légumes, légumineuses et oléagineux;45.9;0.81;9.01;0.0
13001;Abricot, dénoyauté, sec;fruits, légumes, légumineuses et oléagineux;239.0;2.88;59.1;0.5
13623;Abricot, dénoyauté, sec, moelleux (réhydraté à 35-45%);fruits, légumes, légumineuses et oléagineux;200.0;2.31;51.1;0.4
25433;Accra de poisson;viandes, œufs, poissons et assimilés;275.0;12.4;15.1;17.6
21508;Agneau, collier, braisé ou bouilli;viandes, œufs, poissons et assimilés;365.0;33.6;0.0;25.6
21514;Agneau, collier, cru;viandes, œufs, poissons et assimilés;195.0;18.0;0.0;13.7
21525;Agneau, côte découverte, crue;viandes, œufs, poissons et assimilés;205.0;16.3;1.38;15.0
21516;Agneau, côte filet, crue;viandes, œufs, poissons et assimilés;242.0;17.6;2.3;18.0
21509;Agneau, côte filet, grillée/poêlée;viandes, œufs, poissons et assimilés;157.0;26.3;0.0;5.78
21521;Agneau, côte ou côtelette, crue (aliment moyen);viandes, œufs, poissons et assimilés;273.0;16.3;0.92;22.6
21522;Agneau, côte ou côtelette, cuite (aliment moyen);viandes, œufs, poissons et assimilés;157.0;26.3;0.0;5.78
21524;Agneau, côte ou côtelette, grillée/poêlée (aliment moyen);viandes, œufs, poissons et assimilés;157.0;26.3;0.0;5.78
21517;Agneau, côte première, crue;viandes, œufs, poissons et assimilés;276.0;16.9;0.0;23.1
21512;Agneau, côte première, grillée/poêlée;viandes, œufs, poissons et assimilés;185.0;26.1;0.0;9.01
21500;Agneau, côtelette, crue;viandes, œufs, poissons et assimilés;368.0;14.4;0.0;34.5
21501;Agneau, côtelette, grillée;viandes, œufs, poissons et assimilés;240.0;25.7;0.0;15.2
21519;Agneau, gigot, braisé;viandes, œufs, poissons et assimilés;222.0;35.2;0.0;9.03
21502;Agneau, gigot, cru;viandes, œufs, poissons et assimilés;128.0;20.0;0.48;5.13
21518;Agneau, gigot, grillé/poêlé;viandes, œufs, poissons et assimilés;174.0;27.6;0.0;7.08
21503;Agneau, gigot, rôti/cuit au four;viandes, œufs, poissons et assimilés;169.0;26.8;0.0;6.85
21515;Agneau, selle, crue;viandes, œufs, poissons et assimilés;236.0;17.5;0.0;18.4
21520;Agneau, selle, partie maigre, grillée/poêlée;viandes, œufs, poissons et assimilés;153.0;26.1;0.0;5.45
21513;Agneau, selle, partie maigre, rôtie/cuite au four;viandes, œufs, poissons et assimilés;153.0;26.1;0.0;5.45
21523;Agneau, viande, cuite (aliment moyen);viandes, œufs, poissons et assimilés;208.0;28.1;0.01;10.6
21504;Agneau, épaule, crue;viandes, œufs, poissons et assimilés;170.0;18.3;0.45;10.6
21505;Agneau, épaule, maigre, crue;viandes, œufs, poissons et assimilés;139.0;19.6;0.0;6.76
21507;Agneau, épaule, maigre, rôtie/cuite au four;viandes, œufs, poissons et assimilés;197.0;24.9;0.0;10.8
21506;Agneau, épaule, rôtie/cuite au four;viandes, œufs, poissons et assimilés;252.0;30.5;0.0;14.5
11023;Ail séché, poudre;aides culinaires et ingrédients divers;344.0;16.7;62.8;0.77
11000;Ail, cru;aides culinaires et ingrédients divers;111.0;5.31;18.6;0.0
11306;Ail, rôti/cuit au four;aides culinaires et ingrédients divers;127.0;5.56;23.8;0.0
11307;Ail, sauté/poêlé, sans matière grasse;aides culinaires et ingrédients divers;130.0;6.0;22.0;0.4
1014;Alcool pur;eaux et autres boissons;660.0;0.0;0.0;0.0
4041;Aligot (purée de pomme de terre à la tomme fraîche), préemballé;entrées et plats composés;195.0;8.06;9.5;13.3
9345;Amarante, crue;produits céréaliers;369.0;13.5;58.6;7.02
9510;Amidon de maïs ou fécule de maïs;produits céréaliers;362.0;0.43;89.2;0.25
96781;Amidon de riz;produits céréaliers;343.0;0.6;85.0;0.0
13201;Ananas Victoria ou ananas Queen Victoria, pulpe crue, prélevé à La Réunion Ananas comosus (L.) merr var. Queen);fruits, légumes, légumineuses et oléagineux;71.8;0.94;15.1;0.0
13002;Ananas, pulpe, cru;fruits, légumes, légumineuses et oléagineux;54.4;0.0;11.7;0.0
26177;Anchois au sel (anchoité, semi-conserve);viandes, œufs, poissons et assimilés;128.0;25.0;0.0;3.1
26079;Anchois commun, cru;viandes, œufs, poissons et assimilés;129.0;18.6;0.0;6.07
26187;Anchois commun, mariné, préemballé;viandes, œufs, poissons et assimilés;136.0;23.9;2.7;3.26
25999;Anchois, filets roulés aux câpres, semi-conserve, égoutté;viandes, œufs, poissons et assimilés;198.0;24.8;1.48;10.3
26000;Anchois, filets à l'huile, semi-conserve, égoutté;viandes, œufs, poissons et assimilés;182.0;26.4;0.0;8.45
8500;Andouille;viandes, œufs, poissons et assimilés;211.0;18.4;0.3;15.1
8501;Andouille de Guéméné;viandes, œufs, poissons et assimilés;234.0;18.0;0.0;18.0
8512;Andouille de Vire;viandes, œufs, poissons et assimilés;238.0;19.0;0.0;18.0
8504;Andouille, réchauffée à la poêle;viandes, œufs, poissons et assimilés;271.0;22.5;0.0;20.0
8552;Andouillette de Troyes, à cuire;viandes, œufs, poissons et assimilés;254.0;19.7;0.5;19.0
8551;Andouillette, sautée/poêlée;viandes, œufs, poissons et assimilés;303.0;24.5;1.0;22.3
8550;Andouillette, à cuire;viandes, œufs, poissons et assimilés;227.0;18.8;1.0;16.3
11093;Aneth, frais;aides culinaires et ingrédients divers;48.2;3.93;3.9;1.1
27001;Anguille, bouillie/cuite à l'eau;viandes, œufs, poissons et assimilés;197.0;20.5;0.0;12.7
27016;Anguille, crue;viandes, œufs, poissons et assimilés;232.0;16.1;0.0;18.6
26999;Anguille, cuite (aliment moyen);viandes, œufs, poissons et assimilés;213.0;22.1;0.0;13.8
27000;Anguille, rôtie/cuite au four;viandes, œufs, poissons et assimilés;229.0;23.6;0.0;15.0
20995;Ao-nori (Enteromorpha sp.), séchée ou déshydratée;aides culinaires et ingrédients divers;224.0;13.7;18.8;2.47
20155;Artichaut, coeur, appertisé, égoutté;fruits, légumes, légumineuses et oléagineux;26.0;1.8;2.31;0.0
20074;Artichaut, cuit à la vapeur sous pression;fruits, légumes, légumineuses et oléagineux;47.3;2.63;3.24;0.0
20156;Artichaut, fond, appertisé, égoutté;fruits, légumes, légumineuses et oléagineux;25.2;1.2;3.02;0.0
20998;Ascophylle noueux ou goémon noir (Ascophyllum nodosum), séché ou déshydraté;aides culinaires et ingrédients divers;211.0;7.22;18.5;2.78
12761;Asiago;produits laitiers et assimilés;356.0;32.1;0.0;25.6
20277;Asperge blanche, bouillie/cuite à l'eau;fruits, légumes, légumineuses et oléagineux;18.6;1.44;1.63;0.3
20299;Asperge verte, bouillie/cuite à l'eau;fruits, légumes, légumineuses et oléagineux;26.6;2.69;1.73;0.3
20300;Aubergine, pulpe et peau, rôtie/cuite au four;fruits, légumes, légumineuses et oléagineux;33.8;1.31;3.83;0.0
36800;Autruche, viande crue;viandes, œufs, poissons et assimilés;159.0;20.2;0.0;8.7
36801;Autruche, viande cuite;viandes, œufs, poissons et assimilés;168.0;26.2;0.0;7.07
13004;Avocat, pulpe, cru;fruits, légumes, légumineuses et oléagineux;205.0;1.56;0.83;20.6
9310;Avoine, crue;produits céréaliers;378.0;16.9;55.7;6.9
19688;Baba au rhum, préemballé;produits sucrés;169.0;2.83;23.6;3.86
7258;Bagel;produits céréaliers;272.0;9.26;47.3;3.98
20198;Bambou, pousse, crue;fruits, légumes, légumineuses et oléagineux;35.1;2.52;5.08;0.2
53101;Banane plantain, cuite;fruits, légumes, légumineuses et oléagineux;125.0;0.79;28.9;0.18
13005;Banane, pulpe, crue;fruits, légumes, légumineuses et oléagineux;90.5;1.06;19.7;0.0
26205;Bar commun ou loup (Méditerranée), cru, sauvage;viandes, œufs, poissons et assimilés;97.9;20.1;0.0;1.94
26206;Bar commun ou loup (Méditerranée), cru, élevage;viandes, œufs, poissons et assimilés;124.0;21.4;0.0;4.25
26072;Bar commun ou loup, cru, sans précision;viandes, œufs, poissons et assimilés;82.5;19.1;0.0;0.7
27030;Bar commun ou loup, rôti/cuit au four;viandes, œufs, poissons et assimilés;147.0;22.2;0.0;6.51
26075;Bar ou loup de l'Atlantique, cru;viandes, œufs, poissons et assimilés;89.9;16.6;0.0;2.61
26001;Bar rayé ou bar d'Amérique, cru;viandes, œufs, poissons et assimilés;113.0;20.3;0.0;3.58
31098;Barre chocolat au lait avec nougat;produits sucrés;532.0;5.8;60.5;29.0
31071;Barre chocolatée aux fruits secs;produits sucrés;494.0;7.23;57.6;26.0
31000;Barre chocolatée biscuitée;produits sucrés;523.0;6.14;60.5;28.1
31001;Barre chocolatée non biscuitée enrobée;produits sucrés;496.0;3.7;66.4;24.1
31101;"Barre céréalière ""équilibre"" aux fruits, enrichie en vitamines et minéraux";produits sucrés;379.0;6.13;72.8;6.53
31102;"Barre céréalière ""équilibre"" chocolatée, enrichie en vitamines et minéraux";produits sucrés;418.0;5.99;72.9;10.9
31114;Barre céréalière aux amandes ou noisettes;produits sucrés;444.0;8.69;60.6;18.2
31113;Barre céréalière aux fruits;produits sucrés;377.0;5.49;73.5;7.07
31106;Barre céréalière chocolatée;produits sucrés;451.0;6.55;73.0;14.9
31104;Barre céréalière diététique hypocalorique;produits sucrés;386.0;5.9;65.3;11.2
31100;Barre céréalière pour petit déjeuner au lait, chocolatée ou non, enrichie en vitamines et minéraux;produits sucrés;382.0;7.06;79.5;3.2
31035;Barre glacée chocolatée;glaces et sorbets;359.0;5.12;35.8;21.4
31002;Barre à la noix de coco, enrobée de chocolat;produits sucrés;475.0;3.88;60.2;23.8
31012;Barres ou confiserie chocolatées au lait;produits sucrés;551.0;8.75;50.9;34.2
37002;Base de pizza tomatée;aides culinaires et ingrédients divers;232.0;6.9;44.6;2.7
37000;Base de pizza à la crème;aides culinaires et ingrédients divers;261.0;7.7;51.1;2.6
11033;Basilic, frais;aides culinaires et ingrédients divers;34.8;3.35;2.55;0.47
11032;Basilic, séché;aides culinaires et ingrédients divers;244.0;23.0;10.1;4.07
20123;Batavia, crue;fruits, légumes, légumineuses et oléagineux;17.9;1.25;1.78;0.0
26208;Baudroie rousse ou Lotte, crue;viandes, œufs, poissons et assimilés;70.2;16.7;0.0;0.37
12105;Beaufort;produits laitiers et assimilés;410.0;26.5;0.0;34.0
10023;Beignet de crevette;viandes, œufs, poissons et assimilés;222.0;6.5;26.0;10.0
25551;Beignet de viande, volaille ou poisson, fait maison, cru;entrées et plats composés;238.0;18.7;10.0;13.5
23884;Beignet fourré aux fruits, préemballé;produits sucrés;362.0;5.65;47.6;16.0
23885;Beignet fourré goût chocolat, préemballé;produits sucrés;420.0;7.31;45.9;22.5
23880;Beignet rond moelleux, sans fourrage, saupoudré de sucre;produits sucrés;404.0;7.25;39.4;23.7
23881;Beignet à la confiture;produits sucrés;378.0;6.36;45.6;18.7
20004;Bette ou blette, crue;fruits, légumes, légumineuses et oléagineux;16.4;1.0;1.63;0.0
20005;Bette ou blette, cuite;fruits, légumes, légumineuses et oléagineux;14.7;0.7;1.23;0.0
20301;Bette ou blette, côte et feuille, bouillie/cuite à l'eau;fruits, légumes, légumineuses et oléagineux;16.9;0.88;1.43;0.3
20003;Betterave rouge, cuite;fruits, légumes, légumineuses et oléagineux;42.8;1.44;7.13;0.4
16412;Beurre ou assimilé allégé (léger ou à teneur reduite en matière grasse), doux (aliment moyen);matières grasses;368.0;0.33;3.73;38.9
16414;Beurre ou assimilé à teneur en matière grasse inconnue, doux (aliment moyen);matières grasses;741.0;0.69;0.99;81.5
16415;Beurre à 39-41% MG, léger, doux;matières grasses;391.0;0.0;3.6;41.7
16411;Beurre à 60-62% MG, à teneur réduite en matière grasse, demi-sel;matières grasses;555.0;0.9;0.5;61.0
16410;Beurre à 60-62% MG, à teneur réduite en matière grasse, doux;matières grasses;550.0;0.56;0.7;60.6
16402;Beurre à 80% MG, demi-sel;matières grasses;738.0;0.72;0.55;81.4
16403;Beurre à 80% MG, salé;matières grasses;732.0;0.5;0.68;80.8
16400;Beurre à 82% MG, doux;matières grasses;753.0;0.7;0.9;82.9
16404;Beurre à 82% MG, doux, tendre;matières grasses;755.0;0.7;0.5;83.4
16413;Beurre à teneur en matière grasse inconnue (allégé ou non), demi-sel (aliment moyen);matières grasses;727.0;0.73;0.55;80.2
11507;Bicarbonate de soude;aides culinaires et ingrédients divers;0.4;0.1;0.0;0.0
7301;Biscotte briochée;produits céréaliers;417.0;10.9;69.0;9.28
7300;Biscotte classique;produits céréaliers;409.0;9.8;76.6;5.9
7340;Biscotte complète ou riche en fibres;produits céréaliers;393.0;11.7;67.0;6.17
7330;Biscotte multicéréale;produits céréaliers;398.0;11.8;66.7;7.22
7310;Biscotte sans adjonction de sel;produits céréaliers;405.0;10.4;74.0;5.88
38399;Biscuit apéritif (aliment moyen);produits céréaliers;486.0;9.2;60.3;22.3
38407;Biscuit apéritif feuilleté;produits céréaliers;509.0;12.3;53.7;26.5
38400;Biscuit apéritif soufflé, à base de maïs, sans cacahuète;produits céréaliers;489.0;6.96;62.1;23.0
38404;Biscuit apéritif soufflé, à base de maïs, à la cacahuète;produits céréaliers;487.0;13.3;54.8;22.9
38106;Biscuit apéritif soufflé, à base de pomme de terre;produits céréaliers;484.0;4.25;60.5;24.1
38108;Biscuit apéritif soufflé, à base de pomme de terre et de soja;produits céréaliers;409.0;17.4;58.3;9.33
38405;Biscuit apéritif à base de pomme de terre, type tuile salée;produits céréaliers;521.0;4.63;59.1;28.8
38401;Biscuit apéritif, crackers, garni ou fourré, au fromage;produits céréaliers;537.0;13.8;46.3;32.2
38402;Biscuit apéritif, crackers, nature;produits céréaliers;499.0;10.5;59.0;23.9
38403;Biscuit apéritif, crackers, nature, allégé en matière grasse;produits céréaliers;410.0;6.53;73.1;9.33
38107;Biscuit apéritif, mini bretzel ou sticks;produits céréaliers;379.0;11.2;74.4;3.13
24041;Biscuit aux céréales pour petit déjeuner, enrichis en vitamines et minéraux;produits sucrés;445.0;7.44;67.7;15.7
24689;Biscuit pour bébé;aliments infantiles;439.0;7.5;73.3;12.3
24678;Biscuit sec (génoise) nappage aux fruits, type barquette;produits sucrés;341.0;4.44;74.4;2.1
24055;Biscuit sec fourré fruits à coque (non ou légèrement chocolaté);produits sucrés;511.0;5.5;59.8;27.2
24615;Biscuit sec ou tuile, aux amandes;produits sucrés;471.0;7.8;68.0;18.1
24616;Biscuit sec type tuile, aux fruits;produits sucrés;384.0;5.43;74.9;8.28
5009;Bière blanche;eaux et autres boissons;34.6;0.0;0.43;0.0
5030;Bière sans alcool (<1,2° alcool);eaux et autres boissons;25.3;0.31;4.89;0.0
25001;Blanquette de veau;entrées et plats composés;113.0;15.4;3.1;4.0
12526;Bleu de Gex ou Fromage bleu du Haut-jura ou Bleu de septmoncel (AOC);produits laitiers et assimilés;364.0;22.5;0.0;30.7
9003;Blé de Khorasan, cru;produits céréaliers;342.0;14.5;59.5;2.13
9060;Blé dur entier, cru;produits céréaliers;343.0;12.1;62.4;2.24
9082;Blé dur précuit cuisiné, en sachet micro-ondable;entrées et plats composés;188.0;4.93;29.5;4.84
9080;Blé dur précuit, entier, cru;produits céréaliers;359.0;13.7;67.7;1.83
9083;Blé dur précuit, grains entiers, cuisiné, à poêler;entrées et plats composés;344.0;11.1;67.2;1.59
9081;Blé dur précuit, grains entiers, cuit, non salé;produits céréaliers;149.0;5.54;27.4;0.9
9011;Blé germé, cru;produits céréaliers;211.0;7.49;41.4;1.27
32130;Blé khorasan complet soufflé;produits sucrés;378.0;6.68;80.5;1.96
25065;Boeuf aux carottes;entrées et plats composés;96.6;13.2;3.3;3.15
25033;Boeuf bourguignon;entrées et plats composés;84.6;8.93;4.17;3.3
6003;Boeuf, basse-côte, crue;viandes, œufs, poissons et assimilés;201.0;19.0;1.45;13.2
6212;Boeuf, bavette d'aloyau, crue;viandes, œufs, poissons et assimilés;133.0;20.4;0.0;5.67
6211;Boeuf, bavette d'aloyau, grillée/poêlée;viandes, œufs, poissons et assimilés;162.0;25.0;0.0;6.94
6202;Boeuf, boule de macreuse, crue;viandes, œufs, poissons et assimilés;118.0;21.8;0.0;3.36
6208;Boeuf, boule de macreuse, grillée/poêlée;viandes, œufs, poissons et assimilés;144.0;26.7;0.0;4.11
6214;Boeuf, boule de macreuse, rôtie/cuite au four;viandes, œufs, poissons et assimilés;147.0;27.3;0.0;4.2
25163;Boeuf, boulettes cuites;viandes, œufs, poissons et assimilés;217.0;18.5;5.65;13.3
6101;Boeuf, braisé;viandes, œufs, poissons et assimilés;240.0;32.1;0.0;12.4
6241;Boeuf, collier, braisé;viandes, œufs, poissons et assimilés;184.0;33.0;0.0;5.8
6240;Boeuf, collier, cru;viandes, œufs, poissons et assimilés;198.0;20.1;0.78;12.7
6001;Boeuf, côte, crue;viandes, œufs, poissons et assimilés;251.0;18.7;0.0;19.6
6103;Boeuf, entrecôte, crue;viandes, œufs, poissons et assimilés;231.0;19.4;0.0;17.1
6100;Boeuf, entrecôte, partie maigre, grillée/poêlée;viandes, œufs, poissons et assimilés;198.0;25.5;0.0;10.7
6111;Boeuf, faux-filet, cru;viandes, œufs, poissons et assimilés;152.0;22.3;0.6;6.74
6110;Boeuf, faux-filet, grillé/poêlé;viandes, œufs, poissons et assimilés;182.0;27.1;0.0;8.17
6105;Boeuf, faux-filet, rôti/cuit au four;viandes, œufs, poissons et assimilés;194.0;28.8;0.0;8.71
6116;Boeuf, filet, cru;viandes, œufs, poissons et assimilés;132.0;21.6;0.22;4.95
6102;Boeuf, gîte à la noix, cru;viandes, œufs, poissons et assimilés;148.0;21.3;0.0;7.05
6104;Boeuf, gîte à la noix, cuit;viandes, œufs, poissons et assimilés;102.0;21.0;0.2;1.9
6130;Boeuf, hampe, crue;viandes, œufs, poissons et assimilés;154.0;19.0;0.0;8.63
6131;Boeuf, hampe, grillée/poêlée;viandes, œufs, poissons et assimilés;174.0;21.6;0.0;9.76
6151;Boeuf, jarret, bouilli/cuit à l'eau;viandes, œufs, poissons et assimilés;161.0;31.0;0.0;4.1
6150;Boeuf, jarret, cru;viandes, œufs, poissons et assimilés;122.0;20.9;0.0;4.25
6141;Boeuf, joue, braisée ou bouillie;viandes, œufs, poissons et assimilés;236.0;39.2;0.0;8.82
6140;Boeuf, joue, crue;viandes, œufs, poissons et assimilés;136.0;22.3;0.4;5.02
6204;Boeuf, onglet, cru;viandes, œufs, poissons et assimilés;138.0;19.9;0.62;6.18
6205;Boeuf, onglet, grillé;viandes, œufs, poissons et assimilés;171.0;23.0;0.0;8.8
6271;Boeuf, paleron, braisé ou bouilli;viandes, œufs, poissons et assimilés;251.0;36.8;0.2;11.4
6270;Boeuf, paleron, cru;viandes, œufs, poissons et assimilés;144.0;21.2;0.0;6.54
6123;Boeuf, plat de côtes, braisé;viandes, œufs, poissons et assimilés;269.0;37.3;0.0;13.3
6122;Boeuf, plat de côtes, cru;viandes, œufs, poissons et assimilés;287.0;18.4;0.0;23.7
6310;Boeuf, queue, bouillie/cuite à l'eau;viandes, œufs, poissons et assimilés;196.0;28.0;0.0;9.3
6311;Boeuf, queue, crue;viandes, œufs, poissons et assimilés;203.0;21.5;0.23;12.9
6106;Boeuf, rond de gîte, cru;viandes, œufs, poissons et assimilés;111.0;22.9;0.38;2.02
6210;Boeuf, rosbif, rôti/cuit au four;viandes, œufs, poissons et assimilés;117.0;21.9;0.3;3.16
6206;Boeuf, rumsteck, cru;viandes, œufs, poissons et assimilés;114.0;22.5;0.4;2.5
6207;Boeuf, rumsteck, grillé;viandes, œufs, poissons et assimilés;123.0;25.0;0.0;2.5
6252;Boeuf, steak haché 10% MG, cru;viandes, œufs, poissons et assimilés;171.0;20.0;0.0;10.1
6253;Boeuf, steak haché 10% MG, cuit;viandes, œufs, poissons et assimilés;210.0;26.1;0.0;11.8
6254;Boeuf, steak haché 15% MG, cru;viandes, œufs, poissons et assimilés;209.0;20.2;0.47;14.1
6255;Boeuf, steak haché 15% MG, cuit;viandes, œufs, poissons et assimilés;239.0;23.6;0.0;16.1
6256;Boeuf, steak haché 20% MG, cru;viandes, œufs, poissons et assimilés;249.0;17.3;0.0;20.0
6257;Boeuf, steak haché 20% MG, cuit;viandes, œufs, poissons et assimilés;265.0;23.0;0.14;19.2
6250;Boeuf, steak haché 5% MG, cru;viandes, œufs, poissons et assimilés;130.0;21.9;0.3;4.59
6251;Boeuf, steak haché 5% MG, cuit;viandes, œufs, poissons et assimilés;155.0;25.5;0.0;5.85
6259;Boeuf, steak haché, cuit (aliment moyen);viandes, œufs, poissons et assimilés;231.0;23.8;0.0;15.1
6201;Boeuf, steak ou bifteck, cru;viandes, œufs, poissons et assimilés;223.0;19.2;0.0;16.2
6200;Boeuf, steak ou bifteck, grillé;viandes, œufs, poissons et assimilés;128.0;27.6;0.0;1.95
6160;Boeuf, tende de tranche, crue;viandes, œufs, poissons et assimilés;116.0;23.1;0.57;2.34
6161;Boeuf, tende de tranche, grillée/poêlée;viandes, œufs, poissons et assimilés;141.0;28.7;0.0;2.92
6162;Boeuf, tende de tranche, rôtie/cuite au four;viandes, œufs, poissons et assimilés;146.0;29.8;0.0;3.03
6231;Boeuf, à bourguignon ou pot-au-feu, cru;viandes, œufs, poissons et assimilés;164.0;24.0;0.0;7.5
6230;Boeuf, à bourguignon ou pot-au-feu, cuit;viandes, œufs, poissons et assimilés;172.0;34.0;0.0;4.05
6002;Boeuf, épaule, crue;viandes, œufs, poissons et assimilés;168.0;20.4;0.0;9.64
26100;Bogue, crue;viandes, œufs, poissons et assimilés;90.0;17.9;0.0;2.03
18343;Boisson au jus de fruit et au lait;eaux et autres boissons;47.5;0.56;9.63;0.3
18904;Boisson au riz, nature, préemballée;eaux et autres boissons;53.7;0.0;10.8;1.0
29209;Boisson au soja et jus de fruits concentrés, préemballée;eaux et autres boissons;56.2;2.3;9.5;1.0
18903;Boisson au soja, aromatisée, sucrée, enrichie en calcium, préemballée;eaux et autres boissons;42.8;3.01;2.89;1.8
18902;Boisson au soja, aromatisée, sucrée, non enrichie, préemballée;eaux et autres boissons;60.5;2.96;7.24;1.92
18901;Boisson au soja, nature, enrichie en calcium, préemballée;eaux et autres boissons;44.2;3.42;2.18;2.05
18900;Boisson au soja, nature, non enrichie, préemballée;eaux et autres boissons;37.1;3.31;0.7;2.07
18075;Boisson au thé, aromatisée, sucrée;eaux et autres boissons;27.3;0.03;6.76;0.0
18062;Boisson au thé, aromatisée, teneur en sucre et édulcorant inconnue (aliment moyen);eaux et autres boissons;27.3;0.03;6.11;0.01
18106;Boisson cacaotée ou au chocolat, instantanée, sucrée, enrichie en vitamines, prête à boire (reconstituée avec du lait demi-écrémé standard);eaux et autres boissons;71.9;4.08;9.91;1.71
18104;Boisson cacaotée ou au chocolat, instantanée, sucrée, prête à boire (reconstituée avec du lait demi-écrémé standard);eaux et autres boissons;69.3;3.78;9.5;1.42
18059;"Boisson concentrée à diluer, sans sucres ajoutés, avec édulcorants, type ""sirop 0%""";eaux et autres boissons;21.7;0.0;2.76;0.0
18019;Boisson gazeuse aux fruits (de 10 à 50% de jus), sucrée;eaux et autres boissons;46.6;0.07;11.3;0.03
18048;Boisson gazeuse aux fruits (teneur en jus non spécifiée), sucrée (aliment moyen);eaux et autres boissons;46.6;0.07;11.2;0.03
18026;Boisson gazeuse, sans jus de fruit, sucrée;eaux et autres boissons;37.1;0.14;8.67;0.08
13182;Boisson infantile céréales lactées (aliment moyen);aliments infantiles;86.3;2.22;12.6;2.78
13162;Boisson infantile céréales lactées aux fruits pour le goûter dès 4/6 mois;aliments infantiles;67.6;1.75;7.7;3.0
13161;Boisson infantile céréales lactées aux légumes pour dîner dès 4/6 mois;aliments infantiles;82.1;2.14;11.6;2.83
13173;Boisson infantile céréales lactées pour le petit déjeuner;aliments infantiles;85.5;1.9;12.7;2.89
13170;Boisson infantile céréales lactées pour le petit déjeuner dès 12 mois;aliments infantiles;86.3;2.23;12.6;2.78
13163;Boisson infantile céréales lactées pour le petit déjeuner dès 4/6 mois;aliments infantiles;83.7;1.98;12.1;2.7
13169;Boisson infantile céréales lactées pour le petit déjeuner dès 8/9 mois;aliments infantiles;84.2;2.36;11.6;2.8
13171;Boisson infantile lactées aux fruits pour le goûter dès 4/6 mois (sans céréales);aliments infantiles;75.5;1.85;10.4;2.6
19122;Boisson lactée aromatisée au chocolat, sucrée, au lait partiellement écrémé, enrichie et/ou restaurée en vitamines et/ou minéraux;eaux et autres boissons;63.8;2.75;10.8;0.99
19127;Boisson lactée aromatisée à la fraise, sucrée, au lait partiellement écrémé, enrichie à la vitamine D;eaux et autres boissons;52.6;2.17;10.0;0.45
19508;Boisson lactée, lait fermenté ou yaourt à boire, aromatisé, sucré;produits laitiers et assimilés;73.7;2.98;11.6;1.4
19535;Boisson lactée, lait fermenté ou yaourt à boire, aux fruits, sucré;produits laitiers et assimilés;82.8;3.09;13.1;1.69
18905;Boisson à base d'avoine, nature, préemballée;eaux et autres boissons;42.6;0.0;7.8;1.1
18107;Boisson à l'amande, nature, non sucrée, non enrichie, préemballée;eaux et autres boissons;36.3;1.06;0.68;3.2
18110;Boisson à l'amande, sucrée, enrichie en calcium, préemballée;eaux et autres boissons;44.4;0.69;3.96;2.8
18906;Boisson à la châtaigne, nature, préemballée;eaux et autres boissons;68.9;0.0;13.5;1.4
18907;Boisson à la noix de coco, nature, préemballée;eaux et autres boissons;31.4;0.0;2.75;2.1
26101;Bonite, crue;viandes, œufs, poissons et assimilés;161.0;22.3;0.0;8.01
25503;Bouchée à la reine, au poisson et fruits de mer;entrées et plats composés;206.0;6.72;13.4;13.8
25580;Bouchée à la reine, garnie (aliment moyen);entrées et plats composés;249.0;6.42;18.4;16.3
25412;Bouchée à la reine, à la viande/volaille/quenelle;entrées et plats composés;292.0;6.12;23.5;18.9
25224;Bouchées ou émincé au soja et blé  (ne convient pas aux véganes ou végétaliens), préemballé;viandes, œufs, poissons et assimilés;185.0;17.6;8.19;7.0
25223;Bouchées ou émincé végétal au soja et blé (convient aux véganes ou végétaliens), préemballé;viandes, œufs, poissons et assimilés;157.0;19.5;6.76;3.7
8803;Boudin blanc truffé, à cuire;viandes, œufs, poissons et assimilés;227.0;11.3;4.8;17.8
8704;Boudin noir, sauté/poêlé;viandes, œufs, poissons et assimilés;246.0;11.9;3.78;20.3
8703;Boudin noir, à cuire;viandes, œufs, poissons et assimilés;313.0;12.2;4.5;27.1
8705;Boudin, sauté/poêlé (aliment moyen);viandes, œufs, poissons et assimilés;246.0;11.3;4.02;19.4
11001;Bouillon de boeuf, déshydraté;aides culinaires et ingrédients divers;240.0;10.2;19.7;13.3
25930;Bouillon de boeuf, déshydraté reconstitué;entrées et plats composés;9.05;0.6;1.33;0.15
25948;Bouillon de légumes, déshydraté reconstitué;entrées et plats composés;5.38;0.34;0.65;0.16
25971;Bouillon de viande et légumes type pot-au-feu, dégraissé, déshydraté;aides culinaires et ingrédients divers;197.0;10.8;30.9;3.1
25918;Bouillon de viande et légumes type pot-au-feu, déshydraté;aides culinaires et ingrédients divers;213.0;10.3;17.7;11.1
25970;Bouillon de viande et légumes type pot-au-feu, non dégraissé, déshydraté;aides culinaires et ingrédients divers;212.0;11.6;28.9;5.4
25909;Bouillon de viande et légumes type pot-au-feu, prêt à consommer;entrées et plats composés;4.8;0.2;0.1;0.4
11174;Bouillon de volaille, déshydraté;aides culinaires et ingrédients divers;233.0;11.3;20.8;11.5
25947;Bouillon de volaille, déshydraté reconstitué;entrées et plats composés;5.58;0.6;0.5;0.13
32129;Boules de maïs soufflées au miel (non enrichies en vitamines et minéraux);produits sucrés;393.0;5.71;86.2;2.35
32133;Boules de maïs soufflées au miel, enrichies en vitamines et minéraux;produits sucrés;384.0;5.5;85.3;1.8
12064;Boulette d'Avesne;produits laitiers et assimilés;355.0;20.9;0.0;30.0
25589;Boulette végétale au soja et/ou blé, préemballée;entrées et plats composés;211.0;17.6;7.98;10.6
25194;Boulettes au boeuf et à l'agneau (type kefta), préemballées, crues;viandes, œufs, poissons et assimilés;247.0;15.7;9.46;15.7
25211;Boulettes au boeuf, à la sauce tomate, préemballées;entrées et plats composés;117.0;9.0;5.5;6.5
25186;Boulettes au porc et au boeuf (à la suédoise), préemballées, crues;viandes, œufs, poissons et assimilés;260.0;14.4;7.78;18.6
9690;Boulgour de blé, cru;produits céréaliers;351.0;11.5;66.8;1.71
9691;Boulgour de blé, cuit, non salé;produits céréaliers;111.0;3.73;21.7;0.5
28503;Bresaola;viandes, œufs, poissons et assimilés;165.0;31.6;0.0;4.3
7263;Bretzel, pain frais;produits céréaliers;330.0;9.18;54.6;7.1
25558;Brick au boeuf;entrées et plats composés;342.0;10.4;33.5;17.0
25438;Brick garni (garniture : crevettes, légumes, volaille, viande, poisson, etc.), fait maison, cuit;entrées et plats composés;187.0;12.2;8.48;11.5
25557;Brick à l'oeuf, fait maison, cuit;entrées et plats composés;255.0;10.4;12.3;18.1
25559;Brick à la pomme de terre, fait maison, cuit;entrées et plats composés;215.0;3.25;19.6;13.4
12021;Brie de Meaux;produits laitiers et assimilés;271.0;21.4;0.0;20.7
12022;Brie de Melun;produits laitiers et assimilés;288.0;22.0;0.0;22.2
12020;Brie, sans précision;produits laitiers et assimilés;297.0;17.3;0.0;25.5
7735;Brioche (ou briochettes) aux pépites de chocolat, préemballée;produits sucrés;348.0;8.56;51.6;11.2
7737;Brioche fourrée au chocolat;produits sucrés;351.0;7.47;53.2;11.6
7738;Brioche fourrée aux fruits, préemballée;produits sucrés;346.0;6.9;50.5;12.1
7739;"Brioche fourrée crème pâtissière (type ""chinois""), préemballée";produits sucrés;300.0;6.22;49.2;8.41
7745;Brioche pur beurre, préemballée;produits sucrés;366.0;8.0;51.6;14.0
7742;Brioche, de boulangerie traditionnelle;produits sucrés;374.0;9.81;49.2;14.7
7740;Brioche, préemballée;produits sucrés;354.0;8.13;52.7;11.8
7741;Brioche, sans précision;produits sucrés;401.0;11.3;46.0;19.1
27011;Brochet, cru;viandes, œufs, poissons et assimilés;83.7;18.8;0.0;0.94
27002;Brochet, rôti/cuit au four;viandes, œufs, poissons et assimilés;100.0;23.1;0.0;0.88
25541;Brochette d'agneau;viandes, œufs, poissons et assimilés;112.0;12.6;2.54;5.1
25505;Brochette de boeuf;viandes, œufs, poissons et assimilés;191.0;17.1;1.02;12.9
25585;Brochette de boeuf, cuite;entrées et plats composés;139.0;21.9;0.33;5.2
25540;Brochette de crevettes;entrées et plats composés;93.5;18.5;1.5;1.5
25539;Brochette de poisson;entrées et plats composés;127.0;18.0;0.86;5.71
25566;Brochette de porc, crue;viandes, œufs, poissons et assimilés;131.0;15.6;2.1;6.5
25504;Brochette de volaille;viandes, œufs, poissons et assimilés;195.0;18.6;0.8;13.0
25586;Brochette de volaille, cuite;entrées et plats composés;137.0;23.1;1.39;4.0
25506;Brochette mixte de viande;viandes, œufs, poissons et assimilés;208.0;19.7;1.02;13.8
20302;Brocoli, bouilli/cuit à l'eau, croquant;fruits, légumes, légumineuses et oléagineux;23.5;2.5;1.23;0.4
20303;Brocoli, bouilli/cuit à l'eau, fondant;fruits, légumes, légumineuses et oléagineux;23.1;2.19;1.03;0.5
20304;Brocoli, cuit à la vapeur;fruits, légumes, légumineuses et oléagineux;37.6;4.13;2.53;0.7
23032;Brownie au chocolat, préemballé;produits sucrés;458.0;5.94;50.6;25.4
20296;Brèdes chou de Chine ou bok choy ou pak choï, tiges et feuilles, cuites à la vapeur, prélevées à La Réunion (Brassica rapa subsp. Chinensis);fruits, légumes, légumineuses et oléagineux;17.7;1.69;1.7;0.0
26170;Brème, cru;viandes, œufs, poissons et assimilés;104.0;16.9;0.0;4.0
10019;Bulot ou Buccin, cru;viandes, œufs, poissons et assimilés;131.0;23.8;7.61;0.57
10020;Bulot ou Buccin, cuit;viandes, œufs, poissons et assimilés;97.7;20.7;2.69;0.47
25416;Burger au poisson, provenant de fast food;entrées et plats composés;263.0;12.2;26.7;11.5
25502;Burger au poulet;entrées et plats composés;249.0;12.7;23.8;11.0
25459;Burritos;entrées et plats composés;170.0;8.0;14.3;8.5
25229;Bâtonnet pané soja et blé (convient aux véganes ou végétaliens), préemballée;entrées et plats composés;245.0;16.9;18.8;10.0
39533;Bûche glacée;glaces et sorbets;226.0;2.47;30.0;10.4
26043;Cabillaud, cru;viandes, œufs, poissons et assimilés;77.6;18.1;0.0;0.57
26025;Cabillaud, cuit à la vapeur;viandes, œufs, poissons et assimilés;106.0;24.5;0.0;0.95
25997;Cabillaud, cuit, sans précision (aliment moyen);viandes, œufs, poissons et assimilés;98.9;23.1;0.0;0.73
26023;Cabillaud, rôti/cuit au four;viandes, œufs, poissons et assimilés;94.6;22.3;0.0;0.6
38406;Cacahuètes (arachide) enrobées d'un biscuit, pour apéritif;produits céréaliers;518.0;15.8;45.4;29.7
31042;Cacahuètes enrobées de chocolat dragéifiées;produits sucrés;499.0;9.5;55.9;25.0
18100;Cacao, non sucré, poudre soluble;eaux et autres boissons;387.0;22.4;11.6;20.6
18163;Café au lait ou cappuccino au chocolat, poudre soluble;eaux et autres boissons;402.0;11.2;67.1;9.13
18160;Café au lait ou cappuccino, poudre soluble;eaux et autres boissons;416.0;12.2;70.1;8.8
18151;Café au lait, café crème ou cappuccino, instantané ou non, non sucré, prêt à boire;eaux et autres boissons;21.5;1.39;2.31;0.76
18072;Café décaféiné, instantané, non sucré, prêt à boire;eaux et autres boissons;2.1;0.12;0.4;0.0
18070;Café décaféiné, non instantané, non sucré, prêt à boire;eaux et autres boissons;4.42;0.1;0.6;0.18
18071;Café expresso, non instantané, non sucré, prêt à boire;eaux et autres boissons;7.64;0.0;1.16;0.2
18069;Café, décaféiné, poudre soluble;eaux et autres boissons;357.0;12.7;76.0;0.2
18073;Café, instantané, non sucré, prêt à boire;eaux et autres boissons;1.64;0.1;0.3;0.0
18003;Café, moulu;eaux et autres boissons;397.0;14.4;40.2;15.4
18004;Café, non instantané, non sucré, prêt à boire;eaux et autres boissons;6.88;0.0;1.35;0.02
18005;Café, poudre soluble;eaux et autres boissons;296.0;19.4;42.6;1.1
36100;Caille, viande et peau, crue;viandes, œufs, poissons et assimilés;136.0;21.5;0.0;5.55
36102;Caille, viande et peau, cuite;viandes, œufs, poissons et assimilés;206.0;26.8;0.0;10.9
36101;Caille, viande, crue;viandes, œufs, poissons et assimilés;126.0;22.5;0.5;3.81
23909;Cake aux fruits, préemballé;produits sucrés;360.0;4.19;55.2;12.6
7814;Cake salé (garniture : fromage, légumes, viande, poisson, volaille, etc.), préemballé;entrées et plats composés;321.0;11.6;25.6;18.4
31092;Calissons d'Aix en Provence;produits sucrés;440.0;7.88;60.3;18.0
10037;Calmar ou calamar ou encornet, bouilli/cuit à l'eau;viandes, œufs, poissons et assimilés;149.0;32.5;1.64;1.4
10001;Calmar ou calamar ou encornet, cru;viandes, œufs, poissons et assimilés;77.0;14.4;2.17;1.19
10084;Calmar ou calamar ou encornet, frit ou poêlé avec matière grasse;viandes, œufs, poissons et assimilés;173.0;17.9;8.45;7.48
10002;Calmar ou Calamar ou encornet, à la romaine (beignet);viandes, œufs, poissons et assimilés;252.0;8.69;21.2;14.4
12006;Camembert au lait cru;produits laitiers et assimilés;267.0;20.7;0.0;20.3
12001;Camembert, sans précision;produits laitiers et assimilés;280.0;19.5;0.0;22.5
25058;Canard en sauce (poivre vert, chasseur, etc.), préemballé;entrées et plats composés;145.0;9.55;10.2;7.3
36203;Canard, cuisse avec peau, sans os, crue;viandes, œufs, poissons et assimilés;103.0;18.7;0.0;3.1
8111;Canard, magret fumé;viandes, œufs, poissons et assimilés;364.0;21.9;0.55;30.5
36206;Canard, magret, cru;viandes, œufs, poissons et assimilés;340.0;17.9;0.85;29.4
36205;Canard, magret, grillé/poêlé;viandes, œufs, poissons et assimilés;222.0;26.7;0.0;12.8
36204;Canard, viande et peau, cru;viandes, œufs, poissons et assimilés;284.0;17.4;2.75;22.6
36200;Canard, viande et peau, rôti/cuit au four;viandes, œufs, poissons et assimilés;331.0;19.0;0.0;28.4
36201;Canard, viande, crue;viandes, œufs, poissons et assimilés;126.0;19.4;0.0;5.33
36202;Canard, viande, rôtie/cuite au four;viandes, œufs, poissons et assimilés;194.0;23.3;0.0;11.2
12325;Cancoillotte (spécialité fromagère fondue);produits laitiers et assimilés;151.0;13.8;0.5;10.5
13178;Canneberge ou cranberry, séchée, sucrée;fruits, légumes, légumineuses et oléagineux;333.0;0.0;76.4;1.0
11025;Cannelle, poudre;aides culinaires et ingrédients divers;243.0;3.87;27.5;1.22
12722;Cantal entre-deux;produits laitiers et assimilés;383.0;26.6;0.0;30.5
12723;Cantal, Salers ou Laguiole;produits laitiers et assimilés;378.0;25.3;0.0;31.0
26108;Capelan, cru;viandes, œufs, poissons et assimilés;90.0;18.7;0.0;1.71
26157;Carangue, cru;viandes, œufs, poissons et assimilés;104.0;19.9;0.0;2.7
11075;Cardamome, poudre;aides culinaires et ingrédients divers;321.0;10.8;40.5;6.7
26084;Cardine franche, crue;viandes, œufs, poissons et assimilés;93.4;19.9;0.0;1.53
20007;Carotte, appertisée, égouttée;fruits, légumes, légumineuses et oléagineux;21.9;0.67;3.4;0.2
20305;Carotte, bouillie/cuite à l'eau, croquante;fruits, légumes, légumineuses et oléagineux;35.7;0.75;6.33;0.0
20306;Carotte, bouillie/cuite à l'eau, fondante;fruits, légumes, légumineuses et oléagineux;31.6;0.0;5.73;0.0
20009;Carotte, crue;fruits, légumes, légumineuses et oléagineux;40.2;0.63;7.59;0.0
20008;Carotte, cuite;fruits, légumes, légumineuses et oléagineux;18.9;0.55;2.6;0.1
20307;Carotte, cuite à la vapeur;fruits, légumes, légumineuses et oléagineux;41.6;0.63;7.33;0.3
20261;Carotte, purée;fruits, légumes, légumineuses et oléagineux;31.5;0.88;5.06;0.0
20298;Carotte, purée cuisinée à la crème, préemballée;fruits, légumes, légumineuses et oléagineux;44.4;1.44;4.57;1.6
20209;Carotte, surgelée, cuite;fruits, légumes, légumineuses et oléagineux;32.9;0.58;4.52;0.68
25538;Carpaccio de boeuf, avec marinade;entrées et plats composés;271.0;15.2;0.55;23.0
25537;Carpaccio de saumon avec marinade;viandes, œufs, poissons et assimilés;194.0;19.8;0.22;12.7
27003;Carpe, crue, élevage;viandes, œufs, poissons et assimilés;114.0;17.7;0.0;4.76
27004;Carpe, rôtie/cuite au four;viandes, œufs, poissons et assimilés;151.0;21.6;0.0;7.17
26055;Carrelet ou plie, cru;viandes, œufs, poissons et assimilés;88.6;20.0;0.0;0.94
26003;Carrelet ou plie, cuit à la vapeur;viandes, œufs, poissons et assimilés;93.0;19.0;0.0;1.89
26002;Carrelet ou plie, pané, frit;viandes, œufs, poissons et assimilés;242.0;13.4;8.86;16.8
12025;Carré de l'Est;produits laitiers et assimilés;327.0;21.4;0.0;27.0
11064;Carvi, graine;aides culinaires et ingrédients divers;334.0;19.8;11.9;14.6
25099;Cassoulet au canard ou oie, appertisé;entrées et plats composés;161.0;10.5;10.1;7.86
25098;Cassoulet au porc, appertisé;entrées et plats composés;132.0;8.3;8.6;6.3
25002;Cassoulet, appertisé;entrées et plats composés;129.0;8.06;9.41;5.77
11215;Caviar de tomates;aides culinaires et ingrédients divers;218.0;2.19;6.8;19.2
26005;Caviar, semi-conserve;viandes, œufs, poissons et assimilés;254.0;25.0;0.0;17.1
14006;Cerf, cru;viandes, œufs, poissons et assimilés;113.0;23.7;0.0;2.04
14007;Cerf, rôti/cuit au four;viandes, œufs, poissons et assimilés;150.0;30.2;0.0;3.19
11002;Cerfeuil, frais;aides culinaires et ingrédients divers;39.9;3.72;3.63;0.6
13008;Cerise, dénoyautée, crue;fruits, légumes, légumineuses et oléagineux;55.7;0.81;13.0;0.0
30730;Cervelas;viandes, œufs, poissons et assimilés;278.0;11.9;1.56;24.8
30731;Cervelas obernois;viandes, œufs, poissons et assimilés;305.0;13.0;1.0;27.5
30732;Cervelas à l'ail, pur porc;viandes, œufs, poissons et assimilés;297.0;12.5;0.2;27.4
40002;Cervelle, agneau, crue;viandes, œufs, poissons et assimilés;122.0;10.4;0.8;8.58
40003;Cervelle, agneau, cuite;viandes, œufs, poissons et assimilés;145.0;12.6;0.8;10.2
40004;Cervelle, porc, braisée;viandes, œufs, poissons et assimilés;174.0;12.4;0.0;13.8
40005;Cervelle, porc, crue;viandes, œufs, poissons et assimilés;124.0;10.3;0.0;9.21
40006;Cervelle, veau, crue;viandes, œufs, poissons et assimilés;117.0;10.3;0.5;8.21
40007;Cervelle, veau, cuite;viandes, œufs, poissons et assimilés;133.0;11.5;0.0;9.63
12830;Chabichou (fromage de chèvre);produits laitiers et assimilés;294.0;20.5;0.0;23.8
30050;Chair à saucisse, crue;viandes, œufs, poissons et assimilés;323.0;14.7;0.6;29.1
30051;Chair à saucisse, pur porc, crue;viandes, œufs, poissons et assimilés;273.0;15.4;5.25;21.2
20079;Champignon de Paris ou champignon de couche, appertisé, égoutté;fruits, légumes, légumineuses et oléagineux;19.4;2.23;0.7;0.37
20102;Champignon de Paris ou champignon de couche, bouilli/cuit à l'eau;fruits, légumes, légumineuses et oléagineux;28.7;2.17;3.0;0.47
20056;Champignon de Paris ou champignon de couche, cru;fruits, légumes, légumineuses et oléagineux;28.0;2.62;3.15;0.36
20125;Champignon de Paris ou champignon de couche, sauté/poêlé, sans matière grasse;fruits, légumes, légumineuses et oléagineux;38.4;4.44;4.53;0.6
20228;Champignon de Paris ou champignon de couche, surgelé, cru;fruits, légumes, légumineuses et oléagineux;15.9;1.8;0.83;0.25
20103;Champignon, chanterelle ou girolle, crue;fruits, légumes, légumineuses et oléagineux;33.1;2.28;2.3;0.78
20160;Champignon, cèpe, cru;fruits, légumes, légumineuses et oléagineux;31.6;3.13;3.03;0.43
20212;Champignon, lentin comestible ou shiitaké, cuit;fruits, légumes, légumineuses et oléagineux;60.9;1.56;12.3;0.22
20211;Champignon, lentin comestible ou shiitaké, séché;fruits, légumes, légumineuses et oléagineux;316.0;9.58;63.9;0.99
20105;Champignon, morille, crue;fruits, légumes, légumineuses et oléagineux;24.5;3.16;0.1;0.54
20159;Champignon, oronge vraie, crue;fruits, légumes, légumineuses et oléagineux;23.2;2.0;2.45;0.3
20114;Champignon, pleurote, crue;fruits, légumes, légumineuses et oléagineux;25.5;3.06;1.5;0.36
20161;Champignon, rosé des prés, cru;fruits, légumes, légumineuses et oléagineux;25.3;2.3;2.45;0.4
20011;Champignon, tout type, appertisé, égoutté;fruits, légumes, légumineuses et oléagineux;24.9;1.87;2.56;0.29
20010;Champignon, tout type, cru;fruits, légumes, légumineuses et oléagineux;21.7;2.37;1.88;0.23
12028;Chaource;produits laitiers et assimilés;276.0;17.3;0.0;22.9
7500;Chapelure;produits céréaliers;374.0;11.6;70.0;3.77
36050;Chapon, viande et peau, cru;viandes, œufs, poissons et assimilés;183.0;21.8;0.0;10.6
36051;Chapon, viande et peau, rôti/cuit au four;viandes, œufs, poissons et assimilés;221.0;29.0;0.0;11.7
30900;Charcuterie (aliment moyen);viandes, œufs, poissons et assimilés;238.0;19.7;1.47;17.1
23480;Chausson aux pommes;produits sucrés;338.0;4.17;36.6;18.7
20297;Chayote ou christophine ou chouchou, pulpe avec pépins, cuite à la vapeur, prélevée à La Réunion (Sechium edule);fruits, légumes, légumineuses et oléagineux;22.2;0.63;3.5;0.0
12726;Cheddar;produits laitiers et assimilés;399.0;24.0;0.0;33.8
25414;Cheeseburger, provenant de fast food;entrées et plats composés;268.0;13.7;23.1;12.9
19689;Cheesecake ou Gâteau au fromage frais, préemballé;produits laitiers et assimilés;330.0;4.57;31.7;20.3
6905;Cheval, entrecôte, crue;viandes, œufs, poissons et assimilés;118.0;22.1;0.0;3.34
6908;Cheval, entrecôte, grillée/poêlée;viandes, œufs, poissons et assimilés;169.0;28.2;0.0;6.24
6904;Cheval, faux-filet, cru;viandes, œufs, poissons et assimilés;121.0;22.2;0.0;3.58
6907;Cheval, faux-filet, grillé/poêlé;viandes, œufs, poissons et assimilés;163.0;26.6;0.0;6.27
6909;Cheval, faux-filet, rôti/cuit au four;viandes, œufs, poissons et assimilés;173.0;28.3;0.0;6.68
6901;Cheval, steak, cru;viandes, œufs, poissons et assimilés;129.0;21.4;0.4;4.6
6903;Cheval, tende de tranche, crue;viandes, œufs, poissons et assimilés;106.0;22.7;0.0;1.68
6906;Cheval, tende de tranche, grillée/poêlée;viandes, œufs, poissons et assimilés;135.0;27.9;0.0;2.58
6910;Cheval, tende de tranche, rôtie/cuite au four;viandes, œufs, poissons et assimilés;144.0;29.7;0.0;2.75
6900;Cheval, viande, crue;viandes, œufs, poissons et assimilés;167.0;18.8;0.6;10.0
6902;Cheval, viande, rôtie/cuite au four;viandes, œufs, poissons et assimilés;138.0;28.0;0.0;2.85
21800;Chevreau, cru;viandes, œufs, poissons et assimilés;103.0;20.6;0.0;2.31
21801;Chevreau, cuit;viandes, œufs, poissons et assimilés;136.0;27.1;0.0;3.03
14005;Chevreuil, cru;viandes, œufs, poissons et assimilés;110.0;23.0;0.0;2.0
14000;Chevreuil, rôti/cuit au four;viandes, œufs, poissons et assimilés;150.0;30.2;0.0;3.19
12846;Chevrot (fromage de chèvre);produits laitiers et assimilés;277.0;18.5;0.0;22.8
31054;Chewing-gum, sans sucre;produits sucrés;228.0;0.69;78.1;0.45
31007;Chewing-gum, sucré;produits sucrés;372.0;0.0;90.6;0.32
31121;Chewing-gum, teneur en sucre inconnue (aliment moyen);produits sucrés;279.0;0.53;82.5;0.41
18162;Chicorée et café, instantané, non sucré, prêt à boire (reconstituée avec de l'eau);eaux et autres boissons;28.7;0.56;6.06;0.0
18153;Chicorée et café, instantané, non sucré, prête à boire (reconstituée avec du lait demi-écrémé standard);eaux et autres boissons;53.7;3.74;5.9;1.62
18150;Chicorée et café, poudre soluble;eaux et autres boissons;332.0;9.3;66.9;0.35
18161;Chicorée, instantanée, non sucrée, prête à boire (reconstituée avec du lait demi-écrémé standard);eaux et autres boissons;93.5;0.0;7.1;7.1
18152;Chicorée, poudre soluble;eaux et autres boissons;323.0;3.3;57.2;2.5
25111;Chili con carne, préemballé;entrées et plats composés;118.0;7.13;13.0;3.35
26236;Chinchard gras, cru;viandes, œufs, poissons et assimilés;147.0;19.6;0.0;7.66
26235;Chinchard maigre, cru;viandes, œufs, poissons et assimilés;96.7;18.7;0.0;2.42
26113;Chinchard, cru;viandes, œufs, poissons et assimilés;116.0;19.0;0.0;4.42
30115;Chipolata, crue;viandes, œufs, poissons et assimilés;253.0;15.8;1.0;20.6
30005;Chipolata, cuite;viandes, œufs, poissons et assimilés;282.0;18.8;0.8;22.4
38104;Chips de crevette;produits céréaliers;508.0;3.1;63.7;26.6
38105;Chips de maïs ou tortilla chips;produits céréaliers;495.0;6.56;59.5;24.7
4038;Chips de pommes de terre et assimilés nature ou aromatisées, allégées en matière grasse;fruits, légumes, légumineuses et oléagineux;463.0;6.58;62.1;19.8
4004;Chips de pommes de terre nature ou aromatisées, standard;fruits, légumes, légumineuses et oléagineux;545.0;5.67;51.1;34.3
4037;Chips de pommes de terre nature ou aromatisées, à l'ancienne;fruits, légumes, légumineuses et oléagineux;570.0;5.62;49.8;37.6
31020;Chocolat au lait sans sucres ajoutés, avec édulcorants, tablette;produits sucrés;487.0;5.75;54.2;34.6
31004;Chocolat au lait, tablette;produits sucrés;537.0;7.5;55.6;30.8
31070;Chocolat noir aux fruits secs (noisettes, amandes, raisins, praline), tablette;produits sucrés;567.0;8.69;40.7;39.0
31030;Chocolat noir sans sucres ajoutés, avec édulcorants, en tablette;produits sucrés;525.0;8.48;34.1;42.3
31074;Chocolat noir à 70% cacao minimum, extra, dégustation, tablette;produits sucrés;591.0;10.4;26.9;46.3
31120;Chocolat, en tablette (aliment moyen);produits sucrés;557.0;7.81;45.3;36.1
25205;Chop suey (porc ou poulet), préemballé;entrées et plats composés;78.2;5.0;7.8;3.0
30315;Chorizo;viandes, œufs, poissons et assimilés;433.0;23.5;3.05;36.1
30317;Chorizo supérieur, doux ou fort, type charcuterie en tranches;viandes, œufs, poissons et assimilés;322.0;22.6;2.1;23.9
30316;Chorizo supérieur, doux ou fort, type saucisse sèche;viandes, œufs, poissons et assimilés;476.0;20.9;2.6;41.9
20308;Chou blanc, bouilli/cuit à l'eau;fruits, légumes, légumineuses et oléagineux;23.5;1.0;3.23;0.0
20116;Chou blanc, cru;fruits, légumes, légumineuses et oléagineux;36.5;1.38;4.63;0.6
20309;Chou de Bruxelles, bouilli/cuit à l'eau;fruits, légumes, légumineuses et oléagineux;45.4;3.19;5.4;0.0
25106;Chou farci, préemballé;entrées et plats composés;94.9;5.3;2.0;6.6
20290;Chou romanesco ou brocoli à pomme, cuit;fruits, légumes, légumineuses et oléagineux;35.8;3.0;2.03;0.8
20014;Chou rouge, cru;fruits, légumes, légumineuses et oléagineux;30.0;1.13;4.33;0.0
20310;Chou rouge, cuit à l'étouffée;fruits, légumes, légumineuses et oléagineux;34.9;1.19;5.7;0.0
20311;Chou vert, bouilli/cuit à l'eau;fruits, légumes, légumineuses et oléagineux;21.6;1.63;1.83;0.0
20016;Chou-fleur, cru;fruits, légumes, légumineuses et oléagineux;26.2;1.81;2.13;0.7
20017;Chou-fleur, cuit;fruits, légumes, légumineuses et oléagineux;20.9;1.6;1.6;0.46
20312;Chou-fleur, cuit à la vapeur;fruits, légumes, légumineuses et oléagineux;30.1;2.56;3.41;0.3
20122;Chou-fleur, surgelé, cuit;fruits, légumes, légumineuses et oléagineux;18.0;1.61;1.05;0.22
25003;Choucroute garnie, préemballée;entrées et plats composés;109.0;5.06;2.8;8.06
25220;Choucroute, sans garniture, égouttée, cuite;entrées et plats composés;75.3;1.38;0.0;6.6
23467;Chouquette;produits sucrés;381.0;7.76;42.6;18.6
11003;Ciboule ou Ciboulette, fraîche;aides culinaires et ingrédients divers;29.7;2.57;2.1;0.52
5022;Cidre aromatisé (framboise);eaux et autres boissons;35.4;0.0;5.34;0.0
5021;Cidre bouché demi-sec;eaux et autres boissons;48.0;0.0;4.4;0.0
5007;Cidre doux;eaux et autres boissons;37.5;0.0;5.09;0.0
39530;Citron givré ou Orange givrée (sorbet);glaces et sorbets;133.0;0.14;29.1;1.77
18220;Citron ou Lime, spécialité à diluer pour boissons, sans sucres ajoutés;eaux et autres boissons;19.7;0.0;1.31;0.0
13067;Citron vert ou Lime, pulpe, cru;fruits, légumes, légumineuses et oléagineux;40.2;1.13;3.14;0.0
13009;Citron, pulpe, cru;fruits, légumes, légumineuses et oléagineux;27.6;0.0;1.56;0.0
39216;Clafoutis aux fruits, préemballé;produits laitiers et assimilés;192.0;5.22;27.2;6.51
10027;Clam, Praire ou Palourde, bouilli/cuit à l'eau;viandes, œufs, poissons et assimilés;99.2;16.2;5.33;1.48
10017;Clam, Praire ou Palourde, cru;viandes, œufs, poissons et assimilés;80.5;11.5;2.66;2.65
11052;Clou de girofle;aides culinaires et ingrédients divers;335.0;5.97;31.6;13.0
13024;Clémentine ou Mandarine, pulpe, crue;fruits, légumes, légumineuses et oléagineux;47.3;0.81;9.17;0.0
40058;Coeur, agneau, cru;viandes, œufs, poissons et assimilés;119.0;16.5;0.4;5.68
40059;Coeur, agneau, cuit;viandes, œufs, poissons et assimilés;179.0;25.0;1.93;7.91
40052;Coeur, boeuf, cru;viandes, œufs, poissons et assimilés;103.0;18.5;0.7;2.95
40053;Coeur, boeuf, cuit;viandes, œufs, poissons et assimilés;133.0;23.0;0.15;4.5
40055;Coeur, dinde, cru;viandes, œufs, poissons et assimilés;135.0;16.7;0.4;7.44
40057;Coeur, dinde, cuit;viandes, œufs, poissons et assimilés;167.0;24.9;0.0;7.52
40060;Coeur, porc, cru;viandes, œufs, poissons et assimilés;109.0;17.1;0.4;4.33
40054;Coeur, poulet, cru;viandes, œufs, poissons et assimilés;149.0;15.6;0.7;9.32
40056;Coeur, poulet, cuit;viandes, œufs, poissons et assimilés;177.0;26.4;0.1;7.92
40062;Coeur, veau, cru;viandes, œufs, poissons et assimilés;106.0;16.1;1.8;3.84
18060;Cola, non sucré, avec édulcorants;eaux et autres boissons;1.3;0.08;0.11;0.05
18068;Cola, non sucré, avec édulcorants, sans caféine;eaux et autres boissons;0.87;0.0;0.2;0.0
18018;Cola, sucré;eaux et autres boissons;41.8;0.09;10.2;0.06
18067;Cola, sucré, sans caféine;eaux et autres boissons;43.8;0.0;11.0;0.0
18063;Cola, teneur en sucre et édulcorant inconnue (aliment moyen);eaux et autres boissons;30.7;0.09;7.45;0.06
13038;Compote de pomme;fruits, légumes, légumineuses et oléagineux;102.0;0.23;24.4;0.21
13151;Compote de pomme, allégée en sucres;fruits, légumes, légumineuses et oléagineux;65.1;0.0;15.1;0.08
13185;Compote ou assimilé, tout type de fruits, teneur en sucre (allégée en sucres ou non, sans sucres ajoutés...) inconnue (aliment moyen);fruits, légumes, légumineuses et oléagineux;80.1;0.25;18.6;0.15
13108;Compote, tout type de fruits;fruits, légumes, légumineuses et oléagineux;102.0;0.0;23.9;0.09
13109;Compote, tout type de fruits, allégée en sucres;fruits, légumes, légumineuses et oléagineux;66.0;0.0;15.3;0.08
12110;Comté;produits laitiers et assimilés;418.0;27.2;0.0;34.6
20019;Concombre, pulpe et peau, cru;fruits, légumes, légumineuses et oléagineux;15.6;0.64;2.54;0.11
20210;Concombre, pulpe, cru;fruits, légumes, légumineuses et oléagineux;14.7;0.56;2.23;0.0
31041;Confiserie au chocolat dragéifiée;produits sucrés;505.0;5.49;65.0;24.3
8110;Confit de canard;viandes, œufs, poissons et assimilés;273.0;25.7;0.15;18.8
8109;Confit de canard, viande (cuisse), sans peau, réchauffé;viandes, œufs, poissons et assimilés;195.0;32.0;0.0;7.4
8120;Confit de foie de porc;viandes, œufs, poissons et assimilés;346.0;16.0;14.1;25.0
8125;Confit de foie de volaille;viandes, œufs, poissons et assimilés;356.0;14.0;7.42;30.0
31037;Confiture d'abricot (extra ou classique);produits sucrés;247.0;0.0;59.7;0.3
31024;Confiture de fraise (extra ou classique);produits sucrés;251.0;0.0;60.5;0.5
31068;Confiture de myrtilles (extra ou classique);produits sucrés;246.0;0.0;58.9;0.4
31006;Confiture ou Marmelade, tout type de fruits (aliment moyen);produits sucrés;249.0;0.29;60.2;0.31
30999;Confiture ou Marmelade, tout type de fruits, teneur en sucre inconnue (aliment moyen);produits sucrés;228.0;0.37;56.5;0.29
31110;Confiture, tout type de fruits, allégée en sucres (extra ou classique);produits sucrés;162.0;0.75;38.0;0.0
26127;Congre, cru;viandes, œufs, poissons et assimilés;115.0;18.3;0.0;4.6
28850;Coppa;viandes, œufs, poissons et assimilés;284.0;25.0;1.0;20.0
25121;Coq au vin;entrées et plats composés;133.0;13.0;4.0;7.0
10003;Coquille Saint-Jacques, noix et corail, crue;viandes, œufs, poissons et assimilés;83.0;17.0;0.78;1.31
10004;Coquille Saint-Jacques, noix et corail, cuite;viandes, œufs, poissons et assimilés;110.0;20.2;3.22;1.77
10045;Coquille Saint-Jacques, noix, crue;viandes, œufs, poissons et assimilés;83.6;17.9;1.15;0.84
26107;Corb, cru;viandes, œufs, poissons et assimilés;87.2;20.0;0.0;0.8
25089;Cordon bleu de volaille, préemballé;viandes, œufs, poissons et assimilés;226.0;14.0;14.6;12.2
11094;Coriandre, fraiche;aides culinaires et ingrédients divers;22.3;2.13;0.87;0.52
11026;Coriandre, graine;aides culinaires et ingrédients divers;346.0;12.4;13.0;17.8
28505;Corned-beef, appertisé;viandes, œufs, poissons et assimilés;188.0;23.1;0.0;10.5
11097;Cornichon, aigre-doux;aides culinaires et ingrédients divers;36.0;1.25;5.0;0.35
11004;Cornichon, au vinaigre;aides culinaires et ingrédients divers;19.4;1.06;0.78;0.0
26175;Corégone lavaret, cru;viandes, œufs, poissons et assimilés;115.0;20.5;0.0;3.72
26159;Coulirou, cru;viandes, œufs, poissons et assimilés;70.9;17.5;0.0;0.1
12010;Coulommiers;produits laitiers et assimilés;279.0;18.8;0.0;22.8
39534;Coupe glacée parfum pêche Melba ou poire Belle-Hélène;glaces et sorbets;163.0;0.91;32.2;3.36
39532;Coupe glacée type café ou chocolat liégeois;glaces et sorbets;220.0;3.04;28.6;10.0
20292;Courge musquée, pulpe, cuite;fruits, légumes, légumineuses et oléagineux;30.7;1.06;5.24;0.0
20020;Courgette, pulpe et peau, crue;fruits, légumes, légumineuses et oléagineux;16.5;1.23;1.8;0.26
20021;Courgette, pulpe et peau, cuite;fruits, légumes, légumineuses et oléagineux;15.5;0.93;1.4;0.36
20313;Courgette, pulpe et peau, rôtie/cuite au four;fruits, légumes, légumineuses et oléagineux;23.0;1.5;3.13;0.0
7744;Couronne de Noël (Brioche) aux fruits confits, préemballée;produits sucrés;355.0;7.2;53.3;12.3
11172;Court-bouillon pour poissons, déshydraté;aides culinaires et ingrédients divers;260.0;5.0;7.0;23.0
25029;Couscous au mouton;entrées et plats composés;149.0;8.31;12.2;7.2
25107;Couscous au poisson;entrées et plats composés;105.0;7.5;14.2;1.6
25138;Couscous au poulet;entrées et plats composés;130.0;7.5;15.6;3.85
25150;Couscous de légumes, préemballé;entrées et plats composés;108.0;4.32;16.4;2.25
25127;Couscous royal (avec plusieurs viandes), préemballé;entrées et plats composés;132.0;7.69;14.0;4.53
25043;Couscous à la viande ou au poulet, préemballé, allégé;entrées et plats composés;90.7;5.9;11.5;1.9
25152;Couscous à la viande, préemballé;entrées et plats composés;128.0;7.59;12.5;4.73
10025;Crabe ou Tourteau, bouilli/cuit à l'eau;viandes, œufs, poissons et assimilés;124.0;19.5;1.79;4.29
10039;Crabe, cru;viandes, œufs, poissons et assimilés;104.0;19.5;0.03;2.86
10005;Crabe, miettes et ou pattes décortiquées, appertisé, égoutté;viandes, œufs, poissons et assimilés;111.0;14.8;8.72;1.8
7351;Crackers de table au froment;produits céréaliers;450.0;7.75;75.0;12.0
10006;Crevette grise, cuite;viandes, œufs, poissons et assimilés;89.9;18.3;1.47;1.2
10059;Crevette rose, crue;viandes, œufs, poissons et assimilés;92.3;21.9;0.0;0.53
10021;Crevette, crue;viandes, œufs, poissons et assimilés;99.0;19.7;3.21;0.84
10007;Crevette, cuite;viandes, œufs, poissons et assimilés;93.8;19.0;1.87;1.16
10038;Crevette, surgelée, crue;viandes, œufs, poissons et assimilés;105.0;23.4;0.74;0.9
7620;Croissant au beurre, artisanal;produits sucrés;420.0;6.61;45.7;22.6
25418;Croissant au jambon;entrées et plats composés;243.0;7.9;19.2;14.6
26266;Croissant au jambon fromage, préemballé;entrées et plats composés;258.0;8.92;22.0;14.5
7650;Croissant aux amandes, artisanal;produits sucrés;446.0;7.62;35.9;29.1
7615;Croissant ordinaire, artisanal;produits sucrés;412.0;6.33;47.6;21.1
7602;Croissant, sans précision;produits sucrés;375.0;6.65;40.4;20.0
25542;Croque-madame;entrées et plats composés;264.0;13.7;16.9;15.5
25547;Croque-monsieur, préemballé;entrées et plats composés;273.0;11.3;26.8;12.9
20590;Crosne, cuit;fruits, légumes, légumineuses et oléagineux;50.8;2.13;9.11;0.0
12834;Crottin de Chavignol (fromage de chèvre);produits laitiers et assimilés;296.0;19.7;0.0;24.4
12832;Crottin de chèvre, au lait cru;produits laitiers et assimilés;384.0;23.2;0.0;32.6
12833;Crottin de chèvre, sans précision;produits laitiers et assimilés;340.0;22.4;0.0;28.0
38500;Croûton à l'ail aux fines herbes ou aux oignons, préemballé;produits céréaliers;492.0;8.81;58.9;24.1
7431;Croûton à tartiner;produits céréaliers;374.0;12.3;70.0;2.85
7432;Croûtons nature, préemballés;produits céréaliers;495.0;8.38;59.1;24.1
25616;Crudité, sans assaisonnement (aliment moyen);entrées et plats composés;29.9;0.94;3.07;0.7
39700;Crème anglaise, préemballée;aides culinaires et ingrédients divers;105.0;3.44;16.7;2.5
39211;Crème aux oeufs (petit pot de crème chocolat, vanille, etc.), rayon frais;produits laitiers et assimilés;176.0;4.32;19.4;8.88
39213;Crème brûlée, rayon frais;produits laitiers et assimilés;272.0;4.46;16.6;20.8
39209;Crème caramel, rayon frais;produits laitiers et assimilés;132.0;4.45;20.6;3.6
19420;Crème chantilly, sous pression, UHT;produits laitiers et assimilés;308.0;2.11;10.6;28.2
1021;Crème de cassis;eaux et autres boissons;245.0;0.0;41.0;0.0
19402;Crème de lait ou spécialité à base de crème légère, teneur en matière grasse inconnue (aliment moyen);produits laitiers et assimilés;269.0;2.88;2.87;26.0
19430;Crème de lait, 15 à 20% MG, légère, semi-épaisse, UHT;produits laitiers et assimilés;194.0;2.62;2.89;18.7
19431;Crème de lait, 15 à 20% MG, légère, épaisse, rayon frais;produits laitiers et assimilés;166.0;2.81;3.0;15.3
19415;Crème de lait, 30% MG, semi-épaisse, UHT;produits laitiers et assimilés;297.0;2.49;1.94;30.7
19410;Crème de lait, 30% MG, épaisse, rayon frais;produits laitiers et assimilés;304.0;3.0;2.8;30.7
39246;Crème dessert au café, rayon frais;produits laitiers et assimilés;116.0;2.93;17.8;3.69
39247;Crème dessert au caramel, rayon frais;produits laitiers et assimilés;117.0;2.92;18.6;3.47
39506;Crème dessert au chocolat, appertisée;produits laitiers et assimilés;138.0;3.25;21.8;3.42
39200;Crème dessert au chocolat, rayon frais;produits laitiers et assimilés;130.0;3.39;19.9;3.93
39214;Crème dessert à la vanille, appertisée;produits laitiers et assimilés;132.0;3.7;21.1;3.62
39229;Crème dessert à la vanille, rayon frais;produits laitiers et assimilés;105.0;3.06;14.4;3.6
19673;Crème dessert, allégée en MG, rayon frais;produits laitiers et assimilés;79.2;3.64;12.4;1.3
39505;Crème dessert, appertisée (aliment moyen);produits laitiers et assimilés;135.0;3.49;21.4;3.52
39230;Crème dessert, rayon frais (aliment moyen);produits laitiers et assimilés;133.0;3.42;17.9;5.1
39511;Crème dessert, rayon frais ou appertisée (aliment moyen);produits laitiers et assimilés;133.0;3.42;18.0;5.07
39710;Crème pâtissière;produits laitiers et assimilés;120.0;3.79;18.0;3.6
38408;Crêpe dentelle (pour apéritif) au fromage, préemballée;produits céréaliers;555.0;9.3;48.8;35.6
25572;Crêpe ou Galette aux noix de St Jacques, préemballée;entrées et plats composés;168.0;7.7;15.8;8.0
25562;Crêpe ou Galette complète (oeuf, jambon, fromage), préemballée;entrées et plats composés;209.0;12.7;15.2;9.8
25625;Crêpe ou Galette fourrée au poisson et / ou fruits de mer, préemballée;entrées et plats composés;206.0;8.5;14.3;12.4
25581;Crêpe ou Galette fourrée béchamel champignon, cuite, préemballée;entrées et plats composés;172.0;5.5;18.5;7.7
25411;Crêpe ou Galette fourrée béchamel champignon, préemballée;entrées et plats composés;150.0;4.83;20.7;5.02
25549;Crêpe ou Galette fourrée béchamel fromage, préemballée;entrées et plats composés;149.0;6.02;17.7;5.75
25552;Crêpe ou Galette fourrée béchamel jambon fromage champignon, préemballée;entrées et plats composés;159.0;8.3;16.6;6.3
25410;Crêpe ou Galette fourrée béchamel jambon fromage, préemballée;entrées et plats composés;182.0;8.83;19.1;7.5
25409;Crêpe ou Galette fourrée béchamel jambon, préemballée;entrées et plats composés;136.0;5.75;18.7;4.0
11042;Cumin, graine;aides culinaires et ingrédients divers;427.0;17.8;33.7;22.3
11089;Curcuma, poudre;aides culinaires et ingrédients divers;291.0;9.68;44.4;3.25
11005;Curry, poudre;aides culinaires et ingrédients divers;301.0;14.5;2.63;14.0
20078;Céleri branche, appertisé, égoutté;fruits, légumes, légumineuses et oléagineux;13.1;0.63;1.38;0.15
20023;Céleri branche, cru;fruits, légumes, légumineuses et oléagineux;17.6;0.63;2.41;0.0
20314;Céleri branche, cuit à l'étouffée;fruits, légumes, légumineuses et oléagineux;16.7;0.75;2.48;0.0
20315;Céleri rave, bouilli/cuit à l'eau;fruits, légumes, légumineuses et oléagineux;26.2;0.94;4.32;0.3
25600;Céleri rémoulade, préemballé;aides culinaires et ingrédients divers;113.0;0.94;3.14;10.2
20055;Céleri-rave, cru;fruits, légumes, légumineuses et oléagineux;29.3;1.38;3.98;0.0
32013;Céréales chocolatées pour petit déjeuner, non fourrées, (non enrichies en vitamines et minéraux);produits sucrés;386.0;7.73;79.6;2.93
32134;Céréales complètes soufflées, enrichies en vitamines et minéraux;produits sucrés;385.0;7.42;76.8;3.85
13167;Céréales instantanées, poudre à reconstituer, dès 4/6 mois;aliments infantiles;393.0;5.1;88.3;1.7
13168;Céréales instantanées, poudre à reconstituer, dès 6 mois;aliments infantiles;391.0;10.0;81.1;2.0
32028;"Céréales pour petit déjeuner ""équilibre"" au chocolat (non enrichies en vitamines et minéraux)";produits sucrés;411.0;10.3;74.6;7.01
32022;"Céréales pour petit déjeuner ""équilibre"" au chocolat, enrichies en vitamines et minéraux";produits sucrés;394.0;7.5;73.9;5.9
32029;"Céréales pour petit déjeuner ""équilibre"" aux fruits (non enrichies en vitamines et minéraux)";produits sucrés;378.0;10.5;78.7;1.4
32025;"Céréales pour petit déjeuner ""équilibre"" aux fruits secs (à coque), enrichis en vitamines et minéraux";produits sucrés;394.0;8.91;75.5;4.93
32023;"Céréales pour petit déjeuner ""équilibre"" aux fruits, enrichies en vitamines et minéraux";produits sucrés;378.0;10.5;77.9;1.74
32030;"Céréales pour petit déjeuner ""équilibre"" nature (non enrichies en vitamines et minéraux)";produits sucrés;379.0;11.3;79.0;1.25
32021;"Céréales pour petit déjeuner ""équilibre"" nature ou au miel, enrichies en vitamines et minéraux";produits sucrés;382.0;11.4;78.6;1.65
32003;Céréales pour petit déjeuner (aliment moyen);produits sucrés;398.0;7.78;75.3;6.08
32001;Céréales pour petit déjeuner chocolatées, non fourrées, enrichies en vitamines et minéraux;produits sucrés;408.0;8.13;70.4;8.9
32017;Céréales pour petit déjeuner fourrées au chocolat ou chocolat-noisettes;produits sucrés;442.0;7.33;67.2;14.8
32016;Céréales pour petit déjeuner fourrées au chocolat ou chocolat-noisettes, enrichies en vitamines et minéraux;produits sucrés;433.0;7.81;69.2;13.0
32018;Céréales pour petit déjeuner fourrées, fourrage autre que chocolat, enrichies en vitamines et minéraux;produits sucrés;419.0;8.42;64.7;13.3
32008;Céréales pour petit déjeuner riches en fibres, au chocolat, enrichies en vitamines et minéraux;produits sucrés;386.0;10.7;64.0;6.75
32002;Céréales pour petit déjeuner riches en fibres, avec ou sans fruits, enrichies en vitamines et minéraux;produits sucrés;360.0;11.5;59.3;4.42
32116;Céréales pour petit déjeuner très riches en fibres, enrichies en vitamines et minéraux;produits sucrés;338.0;14.0;49.0;3.5
32031;Céréales pour petit déjeuner, enrichies en vitamines et minéraux (aliment moyen);produits sucrés;401.0;7.51;75.0;6.77
32032;Céréales pour petit déjeuner, non enrichies en vitamines et minéraux (aliment moyen);produits sucrés;388.0;8.23;79.2;3.24
26103;Denté, cru;viandes, œufs, poissons et assimilés;99.3;17.0;0.0;3.5
20911;Dessert au soja, aromatisé, sucré, enrichi en calcium, préemballé;produits laitiers et assimilés;95.0;3.25;15.3;1.9
20921;Dessert au soja, aromatisé, sucré, non enrichi, préemballé;produits laitiers et assimilés;93.1;2.74;16.0;1.7
19696;Dessert au soja, aux amandes, fermenté, préemballé;produits laitiers et assimilés;56.0;3.65;2.85;2.8
19692;Dessert au soja, aux fruits, sucré, enrichi en calcium, fermenté, préemballé;produits laitiers et assimilés;86.7;2.74;12.9;2.3
19695;Dessert au soja, aux fruits, sucré, non enrichi, fermenté, préemballé;produits laitiers et assimilés;78.0;3.31;11.0;1.7
19694;Dessert au soja, nature, non sucré, enrichi en calcium, fermenté, préemballé;produits laitiers et assimilés;42.0;3.59;1.1;2.1
19693;Dessert au soja, nature, non sucré, non enrichi, fermenté, préemballé;produits laitiers et assimilés;44.7;3.76;2.05;1.9
39516;Dessert glacé feuilleté, à partager;glaces et sorbets;262.0;2.71;26.2;16.1
39502;Dessert glacé type mystère ou vacherin;glaces et sorbets;275.0;3.18;40.5;10.7
39512;Dessert glacé, type sundae;glaces et sorbets;230.0;2.57;32.6;9.7
13165;Dessert lacté infantile au riz ou à la semoule;aliments infantiles;93.8;3.45;11.7;3.3
13166;Dessert lacté infantile nature sucré ou aux fruits;aliments infantiles;100.0;3.19;12.5;3.5
13164;Dessert lacté infantile type crème dessert;aliments infantiles;90.0;3.32;11.3;3.1
20922;Dessert végétal sans soja (amande, avoine, chanvre, coco, riz), aromatisé, sucré, non enrichi, préemballé;produits laitiers et assimilés;148.0;1.66;15.8;8.0
20923;Dessert végétal sans soja (coco, riz), aux fruits, sucré, enrichi en calcium, fermenté, préemballé;produits laitiers et assimilés;76.6;0.0;16.0;1.0
36310;Dinde, aile, crue;viandes, œufs, poissons et assimilés;192.0;20.2;0.0;12.3
36305;Dinde, cuisse, viande et peau, crue;viandes, œufs, poissons et assimilés;150.0;19.8;0.0;7.85
36307;Dinde, cuisse, viande sans peau, crue;viandes, œufs, poissons et assimilés;109.0;21.3;0.4;2.5
36318;Dinde, escalope viennoise ou milanaise ou escalope panée;viandes, œufs, poissons et assimilés;211.0;14.1;13.5;10.9
36304;Dinde, escalope, crue;viandes, œufs, poissons et assimilés;109.0;24.1;0.51;1.22
36308;Dinde, escalope, rôtie/cuite au four;viandes, œufs, poissons et assimilés;128.0;24.6;0.5;3.04
36306;Dinde, escalope, sautée/poêlée;viandes, œufs, poissons et assimilés;124.0;28.5;0.0;1.09
36300;Dinde, viande et peau, crue;viandes, œufs, poissons et assimilés;132.0;23.4;0.0;4.31
36301;Dinde, viande, crue;viandes, œufs, poissons et assimilés;110.0;22.4;0.8;1.88
36302;Dinde, viande, rôtie/cuite au four;viandes, œufs, poissons et assimilés;151.0;29.1;0.0;3.84
27031;Dorade (Daurade) royale, cuite au four;viandes, œufs, poissons et assimilés;148.0;23.6;0.0;5.9
26099;Dorade grise, ou daurade grise, ou griset, crue;viandes, œufs, poissons et assimilés;130.0;20.5;0.0;5.27
26222;Dorade grise, ou daurade grise, ou griset, rôtie/cuite au four;viandes, œufs, poissons et assimilés;121.0;22.9;0.0;3.3
26109;Dorade rose, ou daurade rose, crue;viandes, œufs, poissons et assimilés;102.0;21.0;0.0;2.0
26088;Dorade royale ou daurade ou vraie daurade, crue, élevage;viandes, œufs, poissons et assimilés;129.0;20.9;0.0;5.1
26080;Dorade royale, ou daurade ou vraie daurade, crue, sauvage;viandes, œufs, poissons et assimilés;93.2;18.1;0.0;2.31
25415;Double cheeseburger, provenant de fast food;entrées et plats composés;299.0;15.5;21.5;16.7
20988;Dulse (Palmaria palmata), séchée ou déshydratée;aides culinaires et ingrédients divers;227.0;17.2;22.6;1.33
28922;Dés, allumettes, râpé ou haché de jambon;viandes, œufs, poissons et assimilés;121.0;17.9;2.08;4.46
28929;Dés, allumettes, râpé ou haché de jambon de volaille;viandes, œufs, poissons et assimilés;132.0;18.0;1.58;5.88
18011;Eau de coco;eaux et autres boissons;15.2;0.0;3.33;0.0
76080;Eau de source Cristaline, embouteillée, non gazeuse;eaux et autres boissons;0.0;0.0;0.0;0.0
76028;Eau de source Ogeu, embouteillée, faiblement minéralisée (Ogeu, 64);eaux et autres boissons;0.0;0.0;0.0;0.0
18008;Eau de source, embouteillée (aliment moyen);eaux et autres boissons;0.0;0.0;0.0;0.0
1001;Eau de vie;eaux et autres boissons;229.0;0.0;0.37;0.0
1023;Eau de vie de vin, type armagnac, cognac;eaux et autres boissons;228.0;0.0;1.0;0.0
18066;Eau du robinet;eaux et autres boissons;0.0;0.0;0.0;0.0
18430;Eau embouteillée de source;eaux et autres boissons;0.0;0.0;0.0;0.0
18044;Eau minérale (aliment moyen);eaux et autres boissons;0.0;0.0;0.0;0.0
76000;Eau minérale Abatilles, embouteillée, non gazeuse, faiblement minéralisée (Arcachon, 33);eaux et autres boissons;0.0;0.0;0.0;0.0
76001;Eau minérale Aix-les-Bains, embouteillée, non gazeuse, faiblement minéralisée (Aix-les-Bains, 73);eaux et autres boissons;0.0;0.0;0.0;0.0
76002;Eau minérale Aizac, embouteillée, gazeuse, faiblement minéralisée (Aizac, 07);eaux et autres boissons;0.0;0.0;0.0;0.0
76004;Eau minérale Amanda, embouteillée, non gazeuse, fortement minéralisée (St-Amand, 59);eaux et autres boissons;0.0;0.0;0.0;0.0
76079;Eau minérale Appollinaris, embouteillée, non gazeuse, fortement minéralisée (Allemagne);eaux et autres boissons;0.0;0.0;0.0;0.0
76006;Eau minérale Arcens, embouteillée, gazeuse, moyennement minéralisée (Arcens, 07);eaux et autres boissons;0.0;0.0;0.0;0.0
76007;Eau minérale Ardesy, embouteillée, gazeuse, fortement minéralisée (Ardes, 63);eaux et autres boissons;0.0;0.0;0.0;0.0
76062;Eau minérale Avra, embouteillée, non gazeuse, faiblement minéralisée (Grèce);eaux et autres boissons;0.0;0.0;0.0;0.0
76061;Eau minérale Badoit, embouteillée, gazeuse, moyennement minéralisée (St-Galmier, 42);eaux et autres boissons;0.0;0.0;0.0;0.0
76063;Eau minérale Beckerich, embouteillée, non gazeuse, faiblement minéralisée (Luxembourg);eaux et autres boissons;0.0;0.0;0.0;0.0
76081;Eau minérale Biovive, embouteillée, non gazeuse, faiblement minéralisée (Dax, 40);eaux et autres boissons;0.0;0.0;0.0;0.0
76100;Eau minérale Carola, embouteillée, gazeuse ou non gazeuse, moyennement minéralisée (Ribeauville, 68);eaux et autres boissons;0.0;0.0;0.0;0.0
76010;Eau minérale Celtic, embouteillée, gazeuse ou non gazeuse, très faiblement minéralisée (Niederbronn, 67);eaux et autres boissons;0.0;0.0;0.0;0.0
76011;Eau minérale Chambon, embouteillée, non gazeuse, faiblement minéralisée (Chambon, 45);eaux et autres boissons;0.0;0.0;0.0;0.0
76012;Eau minérale Chantemerle, embouteillée, non gazeuse, faiblement minéralisée (Le Pestrin, 07);eaux et autres boissons;0.0;0.0;0.0;0.0
76013;Eau minérale Chateauneuf, embouteillée, gazeuse, fortement minéralisée (Chateauneuf, 63);eaux et autres boissons;0.0;0.0;0.0;0.0
76014;Eau minérale Chateldon, embouteillée, gazeuse, fortement minéralisée (Chateldon, 63);eaux et autres boissons;0.0;0.0;0.0;0.0
76065;Eau minérale Chaudfontaine, embouteillée, non gazeuse, faiblement minéralisée (Belgique);eaux et autres boissons;0.0;0.0;0.0;0.0
76066;Eau minérale Christinen Brunnen, embouteillée, non gazeuse, moyennement minéralisée (Allemagne);eaux et autres boissons;0.0;0.0;0.0;0.0
76083;Eau minérale Cilaos, embouteillée, gazeuse, fortement minéralisée (Cilaos, 974);eaux et autres boissons;0.0;0.0;0.0;0.0
76015;Eau minérale Clos de l'Abbaye, embouteillée, non gazeuse, moyennement minéralisée (St-Amand, 59);eaux et autres boissons;0.0;0.0;0.0;0.0
76016;Eau minérale Contrex, embouteillée, non gazeuse, fortement minéralisée (Contrexéville, 88);eaux et autres boissons;0.0;0.0;0.0;0.0
76067;Eau minérale Courmayeur, embouteillée, non gazeuse, fortement minéralisée (Italie);eaux et autres boissons;0.0;0.0;0.0;0.0
76017;Eau minérale Dax, embouteillée, non gazeuse, moyennement minéralisée (Dax, 40);eaux et autres boissons;0.0;0.0;0.0;0.0
76019;Eau minérale Didier, embouteillée non gazeuse, fortement minéralisée (Martinique);eaux et autres boissons;0.0;0.0;0.0;0.0
76018;Eau minérale Didier, embouteillée, gazeuse, fortement minéralisée (Martinique);eaux et autres boissons;0.0;0.0;0.0;0.0
76102;Eau minérale Eden (La Goa), embouteillée, non gazeuse, faiblement minéralisée (Suisse);eaux et autres boissons;0.0;0.0;0.0;0.0
76020;Eau minérale Evian, embouteillée, non gazeuse, faiblement minéralisée (Evian, 74);eaux et autres boissons;0.0;0.0;0.0;0.0
76023;Eau minérale Hydroxydase, embouteillée, gazeuse, fortement minéralisée (Le Breuil sur Couze, 63);eaux et autres boissons;0.0;0.0;0.0;0.0
76022;Eau minérale Hépar, embouteillée, non gazeuse, fortement minéralisée (Vittel, 88);eaux et autres boissons;0.0;0.0;0.0;0.0
76082;Eau minérale La Cairolle, embouteillée, non gazeuse, fortement minéralisée (Les Aires, 34);eaux et autres boissons;0.0;0.0;0.0;0.0
76085;Eau minérale La Française, embouteillée, non gazeuse, fortement minéralisée (Propiac, 26);eaux et autres boissons;0.0;0.0;0.0;0.0
76069;Eau minérale Levissima, embouteillée, non gazeuse, faiblement minéralisée (Italie);eaux et autres boissons;0.0;0.0;0.0;0.0
76025;Eau minérale Luchon, embouteillée, non gazeuse, faiblement minéralisée (Luchon, 31);eaux et autres boissons;0.0;0.0;0.0;0.0
76070;Eau minérale Luso, embouteillée, non gazeuse, très faiblement minéralisée (Portugal);eaux et autres boissons;0.0;0.0;0.0;0.0
76101;Eau minérale Mont-Blanc, embouteillée, non gazeuse, faiblement minéralisée (Italie);eaux et autres boissons;0.0;0.0;0.0;0.0
76027;Eau minérale Mont-Roucous, embouteillée, très faiblement minéralisée (Lacaune, 81);eaux et autres boissons;0.0;0.0;0.0;0.0
76086;Eau minérale Montcalm, embouteillée, non gazeuse, très faiblement minéralisée (Auzat, 09);eaux et autres boissons;0.0;0.0;0.0;0.0
76087;Eau minérale Montclar, embouteillée, non gazeuse, faiblement minéralisée (Montclar, 04);eaux et autres boissons;0.0;0.0;0.0;0.0
76088;Eau minérale Nessel, embouteillée, gazeuse, moyennement minéralisée (Soultzmatt, 68);eaux et autres boissons;0.0;0.0;0.0;0.0
76071;Eau minérale Néro, embouteillée, non gazeuse, faiblement minéralisée (Grèce);eaux et autres boissons;0.0;0.0;0.0;0.0
76089;Eau minérale Ogeu, embouteillée, gazeuse, faiblement minéralisée (Ogeu-les-Bains, 64);eaux et autres boissons;0.0;0.0;0.0;0.0
76090;Eau minérale Ogeu, embouteillée, non gazeuse, faiblement minéralisée (Ogeu-les-Bains, 64);eaux et autres boissons;0.0;0.0;0.0;0.0
76030;Eau minérale Orezza, embouteillée, gazeuse, moyennement minéralisée (Rapaggio, 20B);eaux et autres boissons;0.0;0.0;0.0;0.0
76029;Eau minérale Orée du bois, embouteillée, non gazeuse, moyennement minéralisée (St-Amand, 59);eaux et autres boissons;0.0;0.0;0.0;0.0
76031;Eau minérale Parot, embouteillée, gazeuse, moyennement minéralisée (St-Romain-le-Puy, 42);eaux et autres boissons;0.0;0.0;0.0;0.0
76072;Eau minérale Penacova, embouteillée, non gazeuse, très faiblement minéralisée (Portugal);eaux et autres boissons;0.0;0.0;0.0;0.0
76060;Eau minérale Perrier, embouteillée, gazeuse, faiblement minéralisée (Vergèse, 30);eaux et autres boissons;0.0;0.0;0.0;0.0
76032;Eau minérale Plancoet, embouteillée, gazeuse ou non gazeuse, faiblement minéralisée (Plancoet, 22);eaux et autres boissons;0.0;0.0;0.0;0.0
76091;Eau minérale Prince Noir, embouteillée, non gazeuse, fortement minéralisée (St-Antonin-Noble-Val, 82);eaux et autres boissons;0.0;0.0;0.0;0.0
76033;Eau minérale Propiac, embouteillée, non gazeuse, fortement minéralisée (Propiac, 26);eaux et autres boissons;0.0;0.0;0.0;0.0
76034;Eau minérale Puits St-Georges, embouteillée, gazeuse, moyennement minéralisée (St-Romain-le-Puy, 42);eaux et autres boissons;0.0;0.0;0.0;0.0
76035;Eau minérale Quézac, embouteillée, gazeuse, moyennement minéralisée (Quézac, 48);eaux et autres boissons;0.0;0.0;0.0;0.0
76036;Eau minérale Reine des basaltes, embouteillée, gazeuse, moyennement minéralisée (Asperjoc, 07);eaux et autres boissons;0.0;0.0;0.0;0.0
76037;Eau minérale Rozana, embouteillée, gazeuse, fortement minéralisée (Beauregard, 63);eaux et autres boissons;0.0;0.0;0.0;0.0
76038;Eau minérale Sail-les-Bains, embouteillée, non gazeuse, faiblement minéralisée (Sail-les-Bains, 42);eaux et autres boissons;0.0;0.0;0.0;0.0
76039;Eau minérale Salvetat, embouteillée, gazeuse, moyennement minéralisée (La Salvetat, 34);eaux et autres boissons;0.0;0.0;0.0;0.0
76074;Eau minérale San Bernardo, embouteillée, très faiblement minéralisée (Italie);eaux et autres boissons;0.0;0.0;0.0;0.0
76075;Eau minérale San Pellegrino, embouteillée, gazeuse, moyennement minéralisée (Italie);eaux et autres boissons;0.0;0.0;0.0;0.0
76076;Eau minérale Spa-Reine, embouteillée, gazeuse ou non non gazeuse, moyennement minéralisée (Belgique);eaux et autres boissons;0.0;0.0;0.0;0.0
76092;Eau minérale St-Alban, embouteillée, gazeuse, moyennement minéralisée (St-Alban, 42);eaux et autres boissons;0.0;0.0;0.0;0.0
76043;Eau minérale St-Amand, embouteillée, gazeuse ou non gazeuse, moyennement minéralisée (St-Amand, 59);eaux et autres boissons;0.0;0.0;0.0;0.0
76044;Eau minérale St-Antonin, embouteillée, non gazeuse, fortement minéralisée (St-Antonin-Noble-Val, 82);eaux et autres boissons;0.0;0.0;0.0;0.0
76046;Eau minérale St-Diéry, embouteillée, gazeuse, fortement minéralisée (St-Diéry, 63);eaux et autres boissons;0.0;0.0;0.0;0.0
76093;Eau minérale St-Géron, embouteillée, gazeuse, moyennement minéralisée (St-Géron, 43);eaux et autres boissons;0.0;0.0;0.0;0.0
76094;Eau minérale St-Michel-de-Mourcairol, embouteillée, gazeuse, moyennement minéralisée (Les Aires, 34);eaux et autres boissons;0.0;0.0;0.0;0.0
76049;Eau minérale St-Yorre, embouteillée, gazeuse, fortement minéralisée (Saint-Yorre, 03);eaux et autres boissons;0.0;0.0;0.0;0.0
76047;Eau minérale Ste-Marguerite, embouteillée, gazeuse, moyennement minéralisée (St-Maurice, 63);eaux et autres boissons;0.0;0.0;0.0;0.0
76050;Eau minérale Thonon, embouteillée, non gazeuse, faiblement minéralisée (Thonon, 74);eaux et autres boissons;0.0;0.0;0.0;0.0
76095;Eau minérale Treignac, embouteillée, non gazeuse, très faiblement minéralisée (Treignac, 19);eaux et autres boissons;0.0;0.0;0.0;0.0
76096;Eau minérale Vals, embouteillée, gazeuse, moyennement minéralisée (Vals-les-Bains, 07);eaux et autres boissons;0.0;0.0;0.0;0.0
76078;Eau minérale Valvert, embouteillée, non gazeuse, faiblement minéralisée (Belgique);eaux et autres boissons;0.0;0.0;0.0;0.0
76097;Eau minérale Vauban, embouteillée, non gazeuse, moyennement minéralisée (St-Amand-les-Eaux, 59);eaux et autres boissons;0.0;0.0;0.0;0.0
76053;Eau minérale Ventadour, embouteillée, gazeuse, faiblement minéralisée (Le Pestrin, 07);eaux et autres boissons;0.0;0.0;0.0;0.0
76054;Eau minérale Vernet, embouteillée, gazeuse, faiblement minéralisée (Prades, 07);eaux et autres boissons;0.0;0.0;0.0;0.0
76024;Eau minérale Vernière, embouteillée, gazeuse, moyennement minéralisée (Les Aires, 34);eaux et autres boissons;0.0;0.0;0.0;0.0
76055;Eau minérale Vichy Célestins, embouteillée, gazeuse, fortement minéralisée (Saint-Yorre, 03);eaux et autres boissons;0.0;0.0;0.0;0.0
76056;Eau minérale Vittel, embouteillée, non gazeuse, moyennement minéralisée (Vittel, 88);eaux et autres boissons;0.0;0.0;0.0;0.0
76058;Eau minérale Volvic active, embouteillée, gazeuse, faiblement minéralisée (Volvic, 63);eaux et autres boissons;0.0;0.0;0.0;0.0
76057;Eau minérale Volvic, embouteillée, non gazeuse, faiblement minéralisée (Volvic, 63);eaux et autres boissons;0.0;0.0;0.0;0.0
76059;Eau minérale Wattwiller, embouteillée, gazeuse ou non gazeuse, faiblement minéraliséee (Wattwiller, 68);eaux et autres boissons;0.0;0.0;0.0;0.0
18009;Eau minérale, embouteillée, faiblement minéralisée (aliment moyen);eaux et autres boissons;0.0;0.0;0.0;0.0
18046;Eau minérale, gazeuse (aliment moyen);eaux et autres boissons;0.0;0.0;0.0;0.0
18045;Eau minérale, plate (aliment moyen);eaux et autres boissons;0.0;0.0;0.0;0.0
12729;Edam;produits laitiers et assimilés;329.0;25.5;0.0;25.5
12115;Emmental ou emmenthal;produits laitiers et assimilés;373.0;27.9;0.0;28.8
12118;Emmental ou emmenthal râpé;produits laitiers et assimilés;367.0;28.1;0.0;28.6
26241;Empereur, filet, sans peau, cru;viandes, œufs, poissons et assimilés;73.5;15.0;0.0;1.5
20026;Endive, crue;fruits, légumes, légumineuses et oléagineux;20.2;1.19;2.83;0.0
20316;Endive, rôtie/cuite au four;fruits, légumes, légumineuses et oléagineux;23.5;1.13;4.38;0.0
11081;Epice (aliment moyen);aides culinaires et ingrédients divers;346.0;12.3;37.7;10.4
25230;Escalope panée, soja, blé et fromage, type cordon bleu, préemballée;entrées et plats composés;247.0;15.2;15.1;13.1
10042;Escargot en sauce au beurre persillé, préemballé, cuit;viandes, œufs, poissons et assimilés;277.0;12.9;2.26;23.7
10008;Escargot, cru;viandes, œufs, poissons et assimilés;77.9;16.1;1.29;0.92
10099;Escargot, sans matière grasse ajoutée, cuit;viandes, œufs, poissons et assimilés;80.0;16.6;0.23;1.4
26082;Espadon, cru;viandes, œufs, poissons et assimilés;130.0;18.9;0.0;5.97
26093;Espadon, rôti/cuit au four;viandes, œufs, poissons et assimilés;266.0;28.7;0.0;16.9
11092;Estragon, frais;aides culinaires et ingrédients divers;44.0;3.8;4.1;0.0
27012;Esturgeon, cru;viandes, œufs, poissons et assimilés;123.0;17.7;0.0;5.84
36403;Faisan, viande et peau, cru;viandes, œufs, poissons et assimilés;164.0;23.2;0.0;7.95
36401;Faisan, viande, cru;viandes, œufs, poissons et assimilés;127.0;23.3;0.0;3.78
36402;Faisan, viande, rôtie/cuite au four;viandes, œufs, poissons et assimilés;239.0;32.4;0.0;12.1
19641;Faisselle, 6% MG environ;produits laitiers et assimilés;84.2;4.47;3.57;5.5
25460;Fajitas;entrées et plats composés;158.0;12.7;16.0;4.5
25571;Falafel ou Boulette de pois-chiche et/ou fève, frite;entrées et plats composés;252.0;8.25;18.7;14.4
25590;Falafel ou Boulette de pois-chiche et/ou fève, préemballé;entrées et plats composés;211.0;7.38;17.7;10.8
30052;Farce porc et boeuf, crue;viandes, œufs, poissons et assimilés;309.0;11.8;4.4;26.5
9550;Farine d'orge;produits céréaliers;339.0;9.91;64.5;2.3
9480;Farine d'épeautre (grand épeautre);produits céréaliers;352.0;11.4;64.0;3.0
9437;Farine de blé tendre ou froment avec levure incorporée;produits céréaliers;350.0;9.12;74.0;1.0
9410;Farine de blé tendre ou froment T110;produits céréaliers;343.0;9.61;68.6;1.5
9415;Farine de blé tendre ou froment T150;produits céréaliers;342.0;11.4;64.9;1.52
9440;Farine de blé tendre ou froment T45 (pour pâtisserie);produits céréaliers;356.0;9.06;75.9;0.82
9436;Farine de blé tendre ou froment T55 (pour pains);produits céréaliers;350.0;9.03;73.7;1.0
9435;Farine de blé tendre ou froment T65;produits céréaliers;346.0;13.6;67.6;1.0
9445;Farine de blé tendre ou froment T80;produits céréaliers;355.0;9.95;73.2;1.18
9545;Farine de maïs;produits céréaliers;361.0;6.23;78.1;2.1
9555;Farine de millet;produits céréaliers;350.0;10.2;63.2;4.1
9580;Farine de pois chiche;produits céréaliers;359.0;22.4;47.0;6.69
9520;Farine de riz;produits céréaliers;357.0;7.62;73.9;2.5
9540;Farine de sarrasin;produits céréaliers;348.0;11.5;68.4;2.19
9533;Farine de seigle T130;produits céréaliers;344.0;7.24;70.9;1.12
9530;Farine de seigle T170;produits céréaliers;315.0;15.9;44.8;2.22
9532;Farine de seigle T85;produits céréaliers;344.0;8.12;70.7;1.37
20900;Farine de soja;produits céréaliers;460.0;35.8;22.9;21.4
20028;Fenouil, cru;fruits, légumes, légumineuses et oléagineux;21.8;1.0;2.63;0.0
20317;Fenouil, cuit à l'étouffée;fruits, légumes, légumineuses et oléagineux;13.7;0.0;1.94;0.0
11066;Fenouil, graine;aides culinaires et ingrédients divers;326.0;15.7;12.5;14.9
11077;Fenugrec, graine;aides culinaires et ingrédients divers;350.0;27.1;33.8;6.41
12066;Feta AOP;produits laitiers et assimilés;285.0;15.1;0.65;24.3
23430;Feuille de brick, cuite à sec sans matière grasse;produits céréaliers;378.0;6.16;82.4;1.76
25217;Feuille de vigne farcie au riz ou dolmas, égouttée, préemballée;entrées et plats composés;150.0;2.5;18.6;6.5
25151;Feuilleté au poisson et / ou fruits de mer;entrées et plats composés;255.0;6.55;26.5;13.0
25399;Feuilleté aux escargots, préemballé;entrées et plats composés;321.0;6.69;23.1;22.1
25401;Feuilleté ou Friand au fromage;entrées et plats composés;302.0;8.25;28.1;17.1
25508;Feuilleté ou Friand jambon fromage;entrées et plats composés;290.0;8.46;25.7;16.7
25402;Feuilleté ou Friand à la viande, préemballé;entrées et plats composés;348.0;9.59;25.9;22.6
25578;Feuilleté salé (aliment moyen);entrées et plats composés;301.0;8.39;26.1;17.8
26256;Ficelle picarde, préemballée;entrées et plats composés;151.0;8.6;11.9;7.5
13012;Figue, crue;fruits, légumes, légumineuses et oléagineux;69.4;1.19;13.5;0.0
28727;Filet de bacon;viandes, œufs, poissons et assimilés;118.0;23.1;0.7;2.6
25550;Flammenkueche ou Tarte flambée aux lardons, préemballée;entrées et plats composés;300.0;8.81;31.8;14.8
19674;Flan aux oeufs, rayon frais;produits laitiers et assimilés;111.0;4.08;18.5;2.2
11082;Fleur de sel, non iodée, non fluorée;aides culinaires et ingrédients divers;0.0;0.0;0.0;0.0
9311;Flocon d'avoine;produits céréaliers;367.0;13.3;57.9;6.51
32140;Flocon d'avoine précuit;produits sucrés;370.0;11.0;58.0;7.7
9313;Flocons d'avoine, bouillis/cuits à l'eau;produits céréaliers;75.5;2.54;11.9;1.52
24056;Florentin (biscuit sec sucré chocolaté aux amandes);produits sucrés;514.0;9.31;50.7;28.7
26009;Flétan de l'Atlantique ou flétan blanc, cru;viandes, œufs, poissons et assimilés;96.5;21.2;0.0;1.31
26154;Flétan du Groënland ou flétan noir ou flétan commun, cru;viandes, œufs, poissons et assimilés;168.0;13.5;0.0;12.7
26247;Flétan du Groënland ou flétan noir ou flétan commun, cuit à la vapeur;viandes, œufs, poissons et assimilés;173.0;17.3;0.0;11.6
7811;Focaccia, garnie;entrées et plats composés;233.0;8.0;29.5;8.75
26142;Foie de morue, appertisé, égoutté;viandes, œufs, poissons et assimilés;433.0;7.25;1.1;44.4
26141;Foie de morue, cru;viandes, œufs, poissons et assimilés;619.0;5.0;0.0;66.6
8328;Foie gras de canard, cru;viandes, œufs, poissons et assimilés;600.0;5.94;1.41;63.4
8331;Foie gras, canard, bloc (aliment moyen);viandes, œufs, poissons et assimilés;489.0;6.88;2.43;50.1
8324;Foie gras, canard, bloc, 30% de morceaux;viandes, œufs, poissons et assimilés;489.0;6.88;2.43;50.1
8325;Foie gras, canard, bloc, 50% de morceaux;viandes, œufs, poissons et assimilés;479.0;6.39;2.0;49.5
8323;Foie gras, canard, bloc, sans morceaux;viandes, œufs, poissons et assimilés;482.0;5.75;2.1;50.0
8321;Foie gras, canard, entier, cuit;viandes, œufs, poissons et assimilés;535.0;8.41;2.32;54.6
40102;Foie, agneau, cru;viandes, œufs, poissons et assimilés;148.0;21.8;2.92;5.45
40103;Foie, agneau, cuit;viandes, œufs, poissons et assimilés;157.0;23.0;3.16;5.8
40121;Foie, canard, cru;viandes, œufs, poissons et assimilés;131.0;18.7;3.5;4.62
40115;Foie, dinde, cru;viandes, œufs, poissons et assimilés;123.0;18.3;0.0;5.5
40118;Foie, dinde, cuit;viandes, œufs, poissons et assimilés;182.0;27.0;0.0;8.18
40104;Foie, génisse, cru;viandes, œufs, poissons et assimilés;138.0;21.0;3.67;4.3
40105;Foie, génisse, cuit;viandes, œufs, poissons et assimilés;165.0;26.3;2.2;5.71
40110;Foie, lapin, cru;viandes, œufs, poissons et assimilés;132.0;19.0;5.0;4.0
40120;Foie, oie, cru;viandes, œufs, poissons et assimilés;129.0;16.3;6.3;4.29
40119;Foie, porc, cru;viandes, œufs, poissons et assimilés;127.0;20.6;1.85;4.2
40113;Foie, porc, cuit;viandes, œufs, poissons et assimilés;159.0;26.0;3.76;4.4
40111;Foie, poulet, cru;viandes, œufs, poissons et assimilés;121.0;18.8;1.1;4.62
40116;Foie, poulet, cuit;viandes, œufs, poissons et assimilés;160.0;24.5;0.8;6.51
40106;Foie, veau, cru;viandes, œufs, poissons et assimilés;120.0;15.5;5.64;3.4
40107;Foie, veau, cuit;viandes, œufs, poissons et assimilés;121.0;19.0;4.47;3.02
40108;Foie, volaille, cru;viandes, œufs, poissons et assimilés;133.0;21.3;1.13;4.88
40109;Foie, volaille, cuit;viandes, œufs, poissons et assimilés;164.0;25.8;0.0;6.4
11169;Fond de veau pour sauces et cuisson, déshydraté;aides culinaires et ingrédients divers;343.0;8.5;59.5;7.4
11304;Fond de veau, préemballé;aides culinaires et ingrédients divers;40.9;3.15;2.4;2.05
11171;Fond de volaille pour sauces et cuisson, déshydraté;aides culinaires et ingrédients divers;341.0;7.4;66.3;4.9
12121;Fontina;produits laitiers et assimilés;381.0;25.6;0.0;31.1
7812;Fougasse, garnie;entrées et plats composés;306.0;9.53;38.8;11.8
12522;Fourme d'Ambert;produits laitiers et assimilés;326.0;19.9;0.0;27.6
12519;Fourme de Montbrison;produits laitiers et assimilés;365.0;22.5;0.0;30.8
13014;Fraise, crue;fruits, légumes, légumineuses et oléagineux;38.6;0.63;6.03;0.0
13015;Framboise, crue;fruits, légumes, légumineuses et oléagineux;49.2;1.19;5.83;0.8
51510;Frik (blé dur immature concassé), cru;produits céréaliers;323.0;9.62;55.8;2.25
51511;Frik (blé dur immature concassé), cuit, non salé;produits céréaliers;76.0;2.04;14.0;0.48
4032;Frites de pommes de terre, surgelées, cuites en friteuse;fruits, légumes, légumineuses et oléagineux;285.0;3.28;39.4;11.9
4046;Frites de pommes de terre, surgelées, préfrites, pour cuisson en friteuse;fruits, légumes, légumineuses et oléagineux;244.0;3.12;29.1;12.1
4045;Frites de pommes de terre, surgelées, préfrites, pour cuisson micro-ondes;fruits, légumes, légumineuses et oléagineux;254.0;3.5;34.0;10.8
4044;Frites de pommes de terre, surgelées, préfrites, pour cuisson rôtie/ au four;fruits, légumes, légumineuses et oléagineux;154.0;2.41;23.4;5.09
4030;Frites de pommes de terre, surgelées, rôties/cuites au four;fruits, légumes, légumineuses et oléagineux;213.0;3.75;32.6;6.6
12999;Fromage (aliment moyen);produits laitiers et assimilés;338.0;21.8;0.56;27.4
19501;Fromage blanc nature ou aux fruits (aliment moyen);produits laitiers et assimilés;87.7;7.1;5.68;4.31
19644;Fromage blanc nature, 0% MG;produits laitiers et assimilés;49.4;7.95;3.89;0.04
19646;Fromage blanc nature, 3% MG environ;produits laitiers et assimilés;76.9;8.03;3.46;3.26
19649;Fromage blanc nature, gourmand, 8% MG environ;produits laitiers et assimilés;116.0;6.19;5.25;7.65
12520;Fromage bleu au lait de vache;produits laitiers et assimilés;333.0;19.9;0.0;28.3
12521;Fromage bleu d'Auvergne;produits laitiers et assimilés;343.0;22.4;0.0;28.4
12527;Fromage bleu de Bresse;produits laitiers et assimilés;342.0;17.4;0.0;30.5
12528;Fromage bleu de Bresse allegé environ 15% MG;produits laitiers et assimilés;246.0;27.1;0.0;15.5
12523;Fromage bleu des Causses;produits laitiers et assimilés;350.0;20.4;0.0;30.0
12762;Fromage de brebis Corse à pâte molle;produits laitiers et assimilés;457.0;28.5;0.0;38.4
12747;Fromage de brebis des Pyrénées;produits laitiers et assimilés;397.0;24.1;0.0;33.6
12824;Fromage de brebis à pâte molle et croûte fleurie;produits laitiers et assimilés;276.0;16.8;0.0;23.3
12827;Fromage de brebis à pâte pressée;produits laitiers et assimilés;384.0;23.9;0.0;32.3
12812;Fromage de chèvre bûche;produits laitiers et assimilés;285.0;18.8;0.0;23.3
12813;Fromage de chèvre bûche, allégé en matière grasse;produits laitiers et assimilés;179.0;22.6;0.0;10.0
12810;Fromage de chèvre demi-sec;produits laitiers et assimilés;353.0;21.6;0.0;29.8
12803;Fromage de chèvre lactique affiné (type bûchette, crottin, Sainte-Maure);produits laitiers et assimilés;315.0;20.4;0.0;26.2
12801;Fromage de chèvre lactique affiné, au lait cru (type Crottin de Chavignol, Picodon, Rocamadour, Sainte-Maure de Touraine);produits laitiers et assimilés;324.0;20.7;0.0;27.0
12802;Fromage de chèvre lactique affiné, au lait pasteurisé (type bûchette ou crottin);produits laitiers et assimilés;300.0;19.8;0.0;24.7
12815;Fromage de chèvre sec;produits laitiers et assimilés;440.0;30.5;0.0;35.6
12820;Fromage de chèvre à pâte molle et croûte fleurie type camembert;produits laitiers et assimilés;292.0;19.9;0.0;23.8
12814;Fromage de chèvre à pâte molle non pressée non cuite croûte naturelle, au lait pasteurisé;produits laitiers et assimilés;279.0;19.3;0.0;22.6
12828;Fromage de lactosérum de brebis;produits laitiers et assimilés;190.0;10.1;4.3;14.8
8400;Fromage de tête;viandes, œufs, poissons et assimilés;173.0;14.1;0.2;12.9
12320;Fromage fondu double crème, environ 31% MG;produits laitiers et assimilés;311.0;9.06;1.78;29.6
12310;Fromage fondu en portions ou en cubes environ 20% MG;produits laitiers et assimilés;242.0;10.7;6.38;19.3
12300;Fromage fondu en tranchettes;produits laitiers et assimilés;246.0;14.1;5.34;18.5
19667;Fromage frais type petit suisse, aromatisé ou aux fruits, 2-3% MG, enrichi en calcium et vitamine D;produits laitiers et assimilés;90.4;5.74;10.2;2.5
19661;Fromage frais type petit suisse, aux fruits, 2-3% MG;produits laitiers et assimilés;92.7;6.7;9.34;2.8
19666;Fromage frais type petit suisse, nature, 10% MG environ;produits laitiers et assimilés;149.0;9.7;3.17;10.4
19664;Fromage frais type petit suisse, nature, 4% MG environ;produits laitiers et assimilés;88.8;9.95;2.84;4.0
25546;Fromage pané au jambon;entrées et plats composés;263.0;17.4;15.3;14.6
12009;Fromage rond à pâte molle et croûte fleurie 5 à 11% MG type camembert allégé en matière grasse;produits laitiers et assimilés;173.0;22.6;0.0;9.3
12012;Fromage rond à pâte molle et croûte fleurie environ 11% MG type coulommiers allégé en matière grasse;produits laitiers et assimilés;187.0;22.5;0.0;11.0
12013;Fromage rond à pâte molle et croûte fleurie environ 5% MG type camembert allégé en matière grasse;produits laitiers et assimilés;150.0;25.7;0.0;5.5
12060;Fromage type feta, au lait de vache;produits laitiers et assimilés;270.0;16.4;1.42;21.7
12063;Fromage type feta, au lait de vache, à l'huile et aux aromates;produits laitiers et assimilés;283.0;17.6;0.16;23.4
12116;Fromage à pate pressée cuite type emmental ou emmenthal, allégé en matière grasse;produits laitiers et assimilés;282.0;30.6;0.0;18.0
12705;Fromage à pâte ferme environ 14% MG type Masdaam à teneur réduite en MG;produits laitiers et assimilés;238.0;29.0;0.0;13.8
12741;Fromage à pâte ferme environ 27% MG type Maasdam;produits laitiers et assimilés;359.0;25.5;0.0;28.4
12720;Fromage à pâte ferme, enrobé de cire;produits laitiers et assimilés;303.0;21.7;0.0;23.7
12003;Fromage à pâte molle et croûte fleurie (type camembert);produits laitiers et assimilés;359.0;17.5;0.0;32.3
12008;Fromage à pâte molle et croûte fleurie double crème environ 30% MG;produits laitiers et assimilés;333.0;17.5;0.0;29.4
12034;Fromage à pâte molle et croûte lavée (aliment moyen);produits laitiers et assimilés;320.0;20.6;0.0;26.5
12035;Fromage à pâte molle et croûte lavée, allégé environ 13% MG;produits laitiers et assimilés;198.0;21.6;0.0;12.6
12050;Fromage à pâte molle et croûte mixte (lavée et fleurie) colorée;produits laitiers et assimilés;332.0;18.2;0.0;29.0
12033;Fromage à pâte molle triple crème environ 40% MG;produits laitiers et assimilés;376.0;9.89;0.0;37.5
12047;Fromage à pâte molle à croûte lavée, au lait pasteurisé (type Vieux Pané);produits laitiers et assimilés;311.0;20.3;0.0;25.7
12100;Fromage à pâte pressée cuite (aliment moyen);produits laitiers et assimilés;390.0;28.0;0.0;30.8
31027;Fruit confit;produits sucrés;298.0;0.0;72.3;0.0
13999;Fruit cru (aliment moyen);fruits, légumes, légumineuses et oléagineux;59.5;0.7;11.6;0.26
13016;Fruit de la passion ou maracudja, pulpe et pépins, cru;fruits, légumes, légumineuses et oléagineux;101.0;2.13;10.9;3.0
54500;Fruit à pain, cru;fruits, légumes, légumineuses et oléagineux;105.0;1.07;22.2;0.23
10043;Fruits de mer (aliment moyen);viandes, œufs, poissons et assimilés;104.0;18.9;3.06;1.76
10080;Fruits de mer, cuits, surgelés;viandes, œufs, poissons et assimilés;79.5;13.5;2.83;1.57
20994;Fucus vésiculeux (Fucus serratus ou Fucus vesiculosus), séché ou déshydraté;aides culinaires et ingrédients divers;194.0;7.41;15.7;1.33
20500;Fève, bouillie/cuite à l'eau;fruits, légumes, légumineuses et oléagineux;82.9;8.06;9.35;0.8
4090;Fécule de pomme de terre;produits céréaliers;348.0;0.0;86.3;0.2
8350;Galantine (aliment moyen);viandes, œufs, poissons et assimilés;279.0;15.2;1.57;23.4
25233;Galette de céréales au fromage (sans soja), préemballé;entrées et plats composés;241.0;7.0;27.8;10.3
25234;Galette de céréales aux légumes (sans soja), préemballé;entrées et plats composés;211.0;5.31;28.0;7.6
7352;Galette de riz soufflé complet;produits céréaliers;385.0;7.32;80.5;3.0
7353;Galette multicéréales soufflée;produits céréaliers;394.0;8.43;82.4;2.5
25592;Galette ou pavé au blé (seitan) et légumes, préemballé;entrées et plats composés;208.0;12.5;20.8;7.1
25593;Galette ou pavé au blé et soja (convient aux véganes ou végétaliens), préemballé;entrées et plats composés;215.0;16.0;8.15;11.0
25594;Galette ou pavé au blé et soja (ne convient pas aux véganes ou végétaliens), préemballé;entrées et plats composés;201.0;10.2;13.3;10.2
25595;Galette ou pavé au soja et fromage, préemballé;entrées et plats composés;204.0;16.8;6.08;12.0
25596;Galette ou pavé au soja et légumes, préemballé;entrées et plats composés;175.0;13.1;8.36;8.1
25597;Galette ou pavé au soja, fromage et légumes, préemballé;entrées et plats composés;180.0;15.1;7.72;9.1
25591;Galette ou pavé aux lentilles, soja et légumes, préemballé;entrées et plats composés;170.0;9.71;16.7;5.6
23849;Gaufre fine fourrée au miel, préemballée;produits sucrés;455.0;4.56;67.0;18.3
24313;Gaufrette, fourrée vanille, préemballée;produits sucrés;538.0;5.75;60.1;30.1
11176;Gelée au madère;aides culinaires et ingrédients divers;11.3;2.0;0.8;0.01
11175;Gelée au madère, déshydratée;aides culinaires et ingrédients divers;248.0;44.5;17.0;0.2
31095;Gelée de groseille (extra ou classique);produits sucrés;246.0;0.0;59.6;0.0
9660;Germe de blé;aides culinaires et ingrédients divers;375.0;27.2;35.1;9.5
36603;Gibier à plumes, viande, cuit (aliment moyen);viandes, œufs, poissons et assimilés;217.0;25.1;0.0;13.0
14008;Gibier à poil, cuit (aliment moyen);viandes, œufs, poissons et assimilés;152.0;29.6;0.0;3.74
1002;Gin;eaux et autres boissons;265.0;0.0;0.0;0.0
11006;Gingembre, poudre;aides culinaires et ingrédients divers;335.0;8.98;58.3;4.24
11074;Gingembre, racine crue;aides culinaires et ingrédients divers;32.9;1.1;3.4;1.1
39503;Glace ou crème glacée, bâtonnet, enrobé de chocolat;glaces et sorbets;328.0;3.42;33.4;19.8
26264;Gnocchi à la pomme de terre, cru;produits céréaliers;176.0;4.66;35.0;1.42
25510;Gnocchi à la pomme de terre, cuit;produits céréaliers;177.0;5.01;33.6;2.05
26265;Gnocchi à la semoule, cru;produits céréaliers;200.0;6.2;37.0;2.6
25479;Gnocchi à la semoule, cuit;produits céréaliers;185.0;5.6;34.4;2.4
25579;Gnocchi, cuit (aliment moyen);produits céréaliers;181.0;6.34;34.0;7.88
12524;Gorgonzola;produits laitiers et assimilés;312.0;19.0;0.0;26.4
12736;Gouda;produits laitiers et assimilés;374.0;23.2;0.0;31.5
25437;Gougère;entrées et plats composés;399.0;16.2;22.7;26.6
20993;Gracilaire ou ogonori (Gracilaria verrucosa), séchée ou déshydratée;aides culinaires et ingrédients divers;243.0;16.5;18.8;3.54
9681;Graine de couscous (semoule de blé dur précuite), crue;produits céréaliers;365.0;12.0;72.7;1.45
9683;Graine de couscous (semoule de blé dur précuite), cuite, non salée;produits céréaliers;157.0;4.56;31.0;1.0
32000;Grains de blé soufflés au miel ou caramel, enrichis en vitamines et minéraux;produits sucrés;391.0;8.0;82.2;2.2
32115;Grains de blé soufflés chocolatés, enrichis en vitamines et minéraux;produits sucrés;385.0;8.82;75.2;4.01
16560;Graisse d'oie;matières grasses;898.0;0.0;0.0;99.8
16550;Graisse de canard;matières grasses;898.0;0.0;0.0;99.8
16570;Graisse de dinde;matières grasses;898.0;0.0;0.0;99.8
16540;Graisse de poulet;matières grasses;898.0;0.0;0.0;99.8
12123;Grana Padano;produits laitiers et assimilés;396.0;34.1;0.0;29.2
25154;Gratin de poisson et purée ou brandade aux pommes de terre ou parmentier de poisson, préemballé;entrées et plats composés;117.0;6.39;8.57;6.15
25122;Gratin de pâtes;entrées et plats composés;179.0;7.06;16.4;9.2
25037;Gratin ou cassolette de poisson et / ou fruits de mer,  préemballé, cru;entrées et plats composés;105.0;6.13;8.39;5.1
25038;Gratin ou cassolette de poisson et / ou fruits de mer, préemballé, cuit;entrées et plats composés;117.0;6.69;5.28;7.5
13018;Grenade, pulpe et pépins, crue;fruits, légumes, légumineuses et oléagineux;80.6;1.44;14.3;1.2
26128;Grenadier (de roche), cru;viandes, œufs, poissons et assimilés;68.9;15.4;0.0;0.81
26214;Grenadier bleu ou hoki de Nouvelle-Zélande, cru;viandes, œufs, poissons et assimilés;75.5;15.6;0.0;1.46
34500;Grenouille, cuisse, crue;viandes, œufs, poissons et assimilés;70.0;16.2;0.66;0.28
7525;Gressin;produits céréaliers;433.0;12.7;65.3;11.8
26219;Grondin perlon, cru;viandes, œufs, poissons et assimilés;97.4;20.3;0.0;1.79
26106;Grondin, cru;viandes, œufs, poissons et assimilés;94.0;19.0;0.0;2.0
13019;Groseille, crue;fruits, légumes, légumineuses et oléagineux;68.5;1.56;7.06;0.7
12114;Gruyère;produits laitiers et assimilés;423.0;28.4;0.0;34.6
12113;Gruyère IGP France;produits laitiers et assimilés;396.0;27.3;0.0;32.0
39234;Gâteau au chocolat, coeur fondant, préemballé (rayon frais);produits laitiers et assimilés;364.0;6.86;41.9;18.1
23536;Gâteau de riz au caramel, rayon frais;produits laitiers et assimilés;143.0;3.19;25.4;3.1
39232;Gâteau de riz, appertisé;produits laitiers et assimilés;115.0;4.29;20.0;1.9
23534;Gâteau de semoule aux raisins et caramel, rayon frais;produits laitiers et assimilés;146.0;3.81;24.8;3.4
23535;Gâteau de semoule, appertisé;produits laitiers et assimilés;150.0;2.85;27.4;3.03
11007;Gélatine, sèche;aides culinaires et ingrédients divers;348.0;86.9;0.0;0.1
31047;Gélifiant pour confitures;aides culinaires et ingrédients divers;278.0;0.0;62.0;0.0
40701;Gésier, canard, confit, appertisé;viandes, œufs, poissons et assimilés;149.0;32.4;0.0;2.1
40700;Gésier, poulet, cru;viandes, œufs, poissons et assimilés;105.0;17.3;0.6;3.75
25009;Hachis parmentier à la viande, préemballé;entrées et plats composés;138.0;5.99;9.39;8.22
28927;Haché de volaille;viandes, œufs, poissons et assimilés;137.0;17.7;3.5;5.68
30181;Haché végétal à base de soja, préemballé;entrées et plats composés;143.0;11.5;7.01;5.8
26090;Haddock (fumé) ou églefin fumé;viandes, œufs, poissons et assimilés;97.0;22.6;0.0;0.73
25413;Hamburger, provenant de fast food;entrées et plats composés;246.0;13.3;28.3;8.44
26013;Hareng fumé, au naturel;viandes, œufs, poissons et assimilés;173.0;16.5;0.5;11.7
25998;Hareng fumé, filet, doux;viandes, œufs, poissons et assimilés;162.0;18.1;0.0;9.9
26232;Hareng fumé, à l'huile;viandes, œufs, poissons et assimilés;168.0;15.1;2.0;11.0
26238;Hareng gras, cru;viandes, œufs, poissons et assimilés;172.0;18.7;0.0;10.8
26237;Hareng maigre, cru;viandes, œufs, poissons et assimilés;111.0;18.3;0.0;4.22
26010;Hareng mariné ou rollmops;viandes, œufs, poissons et assimilés;211.0;13.7;8.0;13.8
26011;Hareng, cru;viandes, œufs, poissons et assimilés;176.0;17.7;0.0;11.7
26012;Hareng, frit;viandes, œufs, poissons et assimilés;201.0;23.0;0.0;12.1
26014;Hareng, grillé/poêlé;viandes, œufs, poissons et assimilés;189.0;21.6;0.0;11.4
20318;Haricot beurre, bouilli/cuit à l'eau;fruits, légumes, légumineuses et oléagineux;34.6;2.19;4.45;0.3
20502;Haricot blanc, bouilli/cuit à l'eau;fruits, légumes, légumineuses et oléagineux;112.0;6.75;12.0;1.1
20293;Haricot coco, bouilli/cuit à l'eau;fruits, légumes, légumineuses et oléagineux;131.0;9.63;13.7;0.5
20126;Haricot de Lima, cru;fruits, légumes, légumineuses et oléagineux;105.0;6.84;15.3;0.86
20992;Haricot de mer (Himanthalia elongata), séchée ou déshydratée;aides culinaires et ingrédients divers;239.0;10.1;28.3;2.63
20513;Haricot flageolet, bouilli/cuit à l'eau;fruits, légumes, légumineuses et oléagineux;112.0;6.75;12.0;1.1
20503;Haricot rouge, bouilli/cuit à l'eau;fruits, légumes, légumineuses et oléagineux;116.0;9.63;12.3;0.6
20062;Haricot vert, appertisé, égoutté;fruits, légumes, légumineuses et oléagineux;23.1;1.33;2.07;0.31
20320;Haricot vert, bouilli/cuit à l'eau;fruits, légumes, légumineuses et oléagineux;28.0;1.75;3.39;0.0
20030;Haricot vert, cuit;fruits, légumes, légumineuses et oléagineux;29.4;2.0;3.0;0.17
20070;Haricot vert, surgelé, cru;fruits, légumes, légumineuses et oléagineux;34.0;1.97;4.35;0.17
20071;Haricot vert, surgelé, cuit;fruits, légumes, légumineuses et oléagineux;36.3;1.95;5.1;0.19
11080;Herbes aromatiques fraîches (aliment moyen);aides culinaires et ingrédients divers;49.4;3.58;4.15;0.8
11060;Herbes de Provence, séchées;aides culinaires et ingrédients divers;283.0;11.5;23.0;7.2
26213;Hoki, tout lieu de pêche, cru;viandes, œufs, poissons et assimilés;92.3;17.8;0.0;2.36
10009;Homard, bouilli/cuit à l'eau;viandes, œufs, poissons et assimilés;90.9;19.6;0.11;1.32
10010;Homard, cru;viandes, œufs, poissons et assimilés;85.5;17.9;0.94;1.15
25403;Hot-dog, préemballé;entrées et plats composés;278.0;10.9;26.3;13.8
17700;Huile combinée (mélange d'huiles);matières grasses;896.0;0.0;0.0;99.5
17701;Huile combinée, mélange d'huile d'olive et de graines;matières grasses;900.0;0.0;0.0;100.0
17030;Huile d'amande;matières grasses;900.0;0.0;0.0;100.0
17020;Huile d'amandes d'abricot;matières grasses;900.0;0.0;0.0;100.0
17040;Huile d'arachide;matières grasses;900.0;0.0;0.0;99.9
17900;Huile d'argan ou d'argane;matières grasses;889.0;0.0;0.0;98.7
17100;Huile d'avocat;matières grasses;900.0;0.0;0.0;100.0
17270;Huile d'olive vierge extra;matières grasses;900.0;0.0;0.0;99.9
17126;Huile de carthame;matières grasses;900.0;0.0;0.0;100.0
17130;Huile de colza;matières grasses;900.0;0.0;0.0;100.0
17170;Huile de coton;matières grasses;900.0;0.0;0.0;100.0
17630;Huile de foie de morue;matières grasses;900.0;0.0;0.0;100.0
17110;Huile de germe de blé;matières grasses;900.0;0.0;0.0;100.0
17650;Huile de hareng;matières grasses;900.0;0.0;0.0;100.0
17180;Huile de lin;matières grasses;900.0;0.0;0.0;100.0
17190;Huile de maïs;matières grasses;900.0;0.0;0.0;100.0
17210;Huile de noisette;matières grasses;900.0;0.0;0.0;100.0
17220;Huile de noix;matières grasses;900.0;0.0;0.0;100.0
16150;Huile de palme raffinée;matières grasses;900.0;0.0;0.0;100.0
16129;Huile de palme, sans précision;matières grasses;900.0;0.0;0.0;100.0
17999;Huile de paraffine;matières grasses;0.0;0.0;0.0;0.0
17325;Huile de pavot;matières grasses;900.0;0.0;0.0;100.0
17350;Huile de pépins de raisin;matières grasses;900.0;0.0;0.0;100.0
17640;Huile de sardine;matières grasses;900.0;0.0;0.0;100.0
17645;Huile de saumon;matières grasses;900.0;0.0;0.0;100.0
17420;Huile de soja;matières grasses;900.0;0.0;0.0;100.0
17390;Huile de son de riz;matières grasses;900.0;0.0;0.0;100.0
17400;Huile de sésame;matières grasses;900.0;0.0;0.0;100.0
17440;Huile de tournesol;matières grasses;901.0;0.0;0.0;100.0
16030;Huile ou beurre de cacao;matières grasses;900.0;0.0;0.0;100.0
16110;Huile ou beurre de karité;matières grasses;900.0;0.0;0.0;100.0
16060;Huile ou graisse de coco (coprah), raffinée;matières grasses;900.0;0.0;0.0;100.0
16040;Huile ou graisse de coco (coprah), sans précision;matières grasses;900.0;0.0;0.0;100.0
16200;Huile ou graisse de palmiste, sans précision;matières grasses;900.0;0.0;0.0;100.0
16128;Huile pour friture, sans précision;matières grasses;900.0;0.0;0.0;100.0
17001;Huile végétale (aliment moyen);matières grasses;900.0;0.21;0.0;99.9
10035;Huître creuse, crue;viandes, œufs, poissons et assimilés;67.2;8.64;3.86;1.91
10036;Huître plate, crue;viandes, œufs, poissons et assimilés;53.5;10.2;1.16;0.9
10011;Huître, sans précision, crue;viandes, œufs, poissons et assimilés;67.2;8.64;3.86;1.91
53503;Igname, épluchée, bouillie/cuite à l'eau;fruits, légumes, légumineuses et oléagineux;109.0;1.49;23.6;0.14
53502;Igname, épluchée, crue;fruits, légumes, légumineuses et oléagineux;111.0;1.53;23.8;0.17
39215;Ile flottante, rayon frais;produits laitiers et assimilés;129.0;4.98;19.8;3.31
28800;Jambon cru;viandes, œufs, poissons et assimilés;225.0;25.9;0.76;13.2
28801;Jambon cru, fumé;viandes, œufs, poissons et assimilés;246.0;24.2;0.98;16.1
28804;Jambon cru, fumé, allégé en matière grasse;viandes, œufs, poissons et assimilés;142.0;27.7;0.1;3.4
28910;Jambon cuit, choix;viandes, œufs, poissons et assimilés;125.0;19.5;1.7;4.5
28912;Jambon cuit, choix, avec couenne;viandes, œufs, poissons et assimilés;137.0;19.4;0.55;6.3
28913;Jambon cuit, choix, découenné dégraissé;viandes, œufs, poissons et assimilés;114.0;19.6;1.61;3.24
28925;Jambon cuit, de Paris, découenné dégraissé;viandes, œufs, poissons et assimilés;115.0;20.0;1.08;3.42
28803;Jambon cuit, fumé;viandes, œufs, poissons et assimilés;135.0;20.0;0.79;5.8
28900;Jambon cuit, supérieur;viandes, œufs, poissons et assimilés;125.0;20.8;0.81;4.28
28901;Jambon cuit, supérieur, avec couenne;viandes, œufs, poissons et assimilés;137.0;20.2;0.91;5.82
28902;Jambon cuit, supérieur, découenné;viandes, œufs, poissons et assimilés;117.0;20.5;0.77;3.52
28906;Jambon cuit, supérieur, découenné dégraissé;viandes, œufs, poissons et assimilés;119.0;20.3;1.03;3.66
28907;Jambon cuit, supérieur, à teneur réduite en sel;viandes, œufs, poissons et assimilés;121.0;20.8;0.74;3.83
28811;Jambon de Bayonne;viandes, œufs, poissons et assimilés;228.0;28.0;0.63;12.6
28964;Jambon de dinde ou Blanc de dinde en tranche;viandes, œufs, poissons et assimilés;104.0;20.9;1.29;1.67
28700;Jambon de porc à cuire ou Jambon à rôtir/cuire au four;viandes, œufs, poissons et assimilés;161.0;19.9;0.0;9.08
28963;Jambon de poulet ou Blanc de poulet en tranche;viandes, œufs, poissons et assimilés;106.0;20.7;1.39;1.79
8395;Jambon en croûte;viandes, œufs, poissons et assimilés;193.0;14.1;17.8;7.0
8429;Jambon persillé en gelée;viandes, œufs, poissons et assimilés;152.0;19.0;0.48;7.9
28812;Jambon sec;viandes, œufs, poissons et assimilés;230.0;28.7;0.48;12.6
28844;Jambon sec de Parme;viandes, œufs, poissons et assimilés;248.0;27.2;0.3;15.4
28845;Jambon sec Serrano;viandes, œufs, poissons et assimilés;235.0;30.4;0.76;12.3
28802;Jambon sec, découenné, dégraissé;viandes, œufs, poissons et assimilés;192.0;26.3;0.3;9.5
28905;Jambon à l'os braisé;viandes, œufs, poissons et assimilés;238.0;21.6;0.3;16.8
28960;Jambonneau, cuit;viandes, œufs, poissons et assimilés;162.0;23.2;0.4;7.52
26240;Joëls (petits poissons entiers) pour friture, crus;viandes, œufs, poissons et assimilés;88.9;17.5;0.0;2.1
26130;Julienne ou Lingue, crue;viandes, œufs, poissons et assimilés;80.8;19.2;0.0;0.44
26234;Julienne ou Lingue, cuite;viandes, œufs, poissons et assimilés;105.0;24.5;0.0;0.82
2073;Jus d'ananas, pur jus;eaux et autres boissons;52.9;0.41;12.1;0.07
2000;Jus d'ananas, à base de concentré;eaux et autres boissons;52.3;0.41;11.9;0.1
2070;Jus d'orange, pur jus;eaux et autres boissons;45.4;0.61;9.61;0.11
2012;Jus d'orange, à base de concentré;eaux et autres boissons;45.6;0.63;9.59;0.13
2004;Jus de fruits (aliment moyen);eaux et autres boissons;47.0;0.52;9.58;0.14
2072;Jus de fruits, pur jus (aliment moyen);eaux et autres boissons;46.9;0.51;9.32;0.14
2077;Jus de fruits, à base de concentré (aliment moyen);eaux et autres boissons;47.1;0.54;10.5;0.13
2075;Jus de légumes, pur jus (aliment moyen);eaux et autres boissons;21.7;0.72;4.66;0.13
2027;Jus de pamplemousse (pomelo), pur jus;eaux et autres boissons;42.5;0.49;8.89;0.08
2015;Jus de pamplemousse (pomélo), à base de concentré;eaux et autres boissons;40.9;0.52;8.41;0.1
2074;Jus de pomme, pur jus;eaux et autres boissons;48.9;0.17;11.4;0.14
2014;Jus de pomme, à base de concentré;eaux et autres boissons;48.5;0.24;11.3;0.1
2016;Jus de raisin, pur jus;eaux et autres boissons;69.2;0.25;16.3;0.06
2019;Jus de raisin, à base de concentré;eaux et autres boissons;68.8;0.31;16.0;0.11
2053;Jus de tomate, pur jus (aliment moyen);eaux et autres boissons;21.7;0.88;3.72;0.14
2026;Jus de tomate, pur jus, salé à 3 g/L;eaux et autres boissons;23.2;0.88;4.13;0.17
2032;Jus de tomate, pur jus, salé à 6g/L;eaux et autres boissons;20.1;0.88;3.31;0.11
2035;Jus multifruit, pur jus, standard;eaux et autres boissons;48.9;0.0;11.2;0.0
13066;Kaki, pulpe, cru;fruits, légumes, légumineuses et oléagineux;68.6;0.88;14.3;0.0
11008;Ketchup, préemballé;aides culinaires et ingrédients divers;99.0;1.27;21.4;0.19
51550;Khatfa feuille de brick, préemballée;produits céréaliers;283.0;7.0;59.0;1.5
13021;Kiwi, pulpe et graines, cru;fruits, légumes, légumineuses et oléagineux;60.5;0.88;11.0;0.6
20991;Kombu breton (Laminaria digitata), séchée ou déshydratée;aides culinaires et ingrédients divers;217.0;9.51;25.6;1.13
20990;Kombu ou kombu japonais (Laminaria japonica), séchée ou déshydratée;aides culinaires et ingrédients divers;224.0;8.38;24.2;2.65
20986;Kombu royal (Saccharina latissima), séchée ou déshydratée;aides culinaires et ingrédients divers;204.0;10.3;23.6;1.07
18025;Kombucha, préemballé;eaux et autres boissons;9.46;0.0;1.45;0.0
3000;Lait 1er âge, poudre soluble (préparation pour nourrissons);aliments infantiles;496.0;10.9;55.0;25.3
19013;Lait 1er âge, prêt à consommer (préparation pour nourrissons);aliments infantiles;71.8;1.21;8.04;3.79
3002;Lait 2e âge, poudre soluble (préparation de suite);aliments infantiles;484.0;11.6;56.3;23.2
19014;Lait 2e âge, prêt à consommer (préparation pour nourrissons);aliments infantiles;65.1;1.21;8.23;2.9
19026;Lait concentré non sucré, entier;produits laitiers et assimilés;122.0;6.44;9.91;5.9
19027;Lait concentré sucré, entier;produits laitiers et assimilés;323.0;7.7;55.6;7.87
19250;Lait de brebis, entier;produits laitiers et assimilés;103.0;5.68;4.5;6.97
19201;Lait de chèvre, demi-écrémé, UHT;produits laitiers et assimilés;45.8;3.77;4.13;1.57
19202;Lait de chèvre, entier, cru;produits laitiers et assimilés;57.4;3.22;4.01;3.2
19200;Lait de chèvre, entier, UHT;produits laitiers et assimilés;56.1;3.39;4.35;2.83
18041;Lait de coco ou Crème de coco;eaux et autres boissons;188.0;1.77;3.4;18.4
19012;Lait de croissance infantile, liquide (aliment lacté destiné aux enfants en bas âge);aliments infantiles;60.9;1.28;7.77;2.71
19225;Lait de jument, entier;produits laitiers et assimilés;50.0;2.41;6.18;1.73
39400;Lait de poule, sans alcool;produits laitiers et assimilés;87.8;4.55;8.05;4.19
19060;Lait demi-écrémé (ou à teneur en matière grasse légèrement inférieure) à teneur réduite en lactose;produits laitiers et assimilés;44.4;3.45;4.69;1.29
19042;Lait demi-écrémé, pasteurisé;produits laitiers et assimilés;46.4;3.19;4.9;1.54
19041;Lait demi-écrémé, UHT;produits laitiers et assimilés;47.0;3.38;4.83;1.55
19037;Lait demi-écrémé, UHT, enrichi en vitamine D seulement;produits laitiers et assimilés;46.6;3.38;4.8;1.52
19044;Lait en poudre, demi-écrémé;produits laitiers et assimilés;459.0;31.5;43.4;17.5
19021;Lait en poudre, entier;produits laitiers et assimilés;499.0;27.4;37.5;26.8
19054;Lait en poudre, écrémé;produits laitiers et assimilés;361.0;35.3;54.0;0.7
19024;Lait entier, pasteurisé;produits laitiers et assimilés;56.5;3.3;3.47;3.3
19023;Lait entier, UHT;produits laitiers et assimilés;65.1;3.32;4.85;3.63
19539;Lait fermenté ou spécialité laitière type yaourt, aromatisé, sucré, au bifidus;produits laitiers et assimilés;94.4;3.83;11.5;3.1
19542;Lait fermenté ou spécialité laitière type yaourt, aux fruits, sucré, au bifidus;produits laitiers et assimilés;97.2;3.57;13.0;3.01
19546;Lait fermenté ou spécialité laitière type yaourt, nature, au bifidus;produits laitiers et assimilés;64.5;3.84;3.47;3.6
19805;Lait fermenté à boire, nature, au lait entier;produits laitiers et assimilés;55.7;3.38;1.99;3.2
19801;Lait fermenté à boire, nature, maigre;produits laitiers et assimilés;33.6;3.51;2.18;0.6
19679;Lait gélifié aromatisé, nappé caramel, rayon frais;produits laitiers et assimilés;91.9;2.55;16.7;1.3
19038;Lait à 1,2% de matière grasse, UHT, enrichi en plusieurs vitamines;produits laitiers et assimilés;44.1;3.38;4.79;1.25
19051;Lait écrémé, pasteurisé;produits laitiers et assimilés;34.5;3.28;4.99;0.19
19050;Lait écrémé, UHT;produits laitiers et assimilés;33.4;3.51;4.64;0.06
19039;Lait, teneur en matière grasse inconnue, UHT (aliment moyen);produits laitiers et assimilés;47.3;3.38;4.82;1.59
20985;Laitue de mer (Ulva sp.), séchée ou déshydratée;aides culinaires et ingrédients divers;206.0;15.9;13.8;2.03
10022;Langouste, bouillie/cuite à l'eau;viandes, œufs, poissons et assimilés;106.0;21.8;1.3;1.52
10015;Langouste, crue;viandes, œufs, poissons et assimilés;86.9;17.7;1.07;1.34
10024;Langoustine, crue;viandes, œufs, poissons et assimilés;89.8;19.1;1.53;0.79
10012;Langoustine, panée, frite;viandes, œufs, poissons et assimilés;282.0;10.9;29.0;13.6
12040;Langres;produits laitiers et assimilés;281.0;16.7;0.0;23.8
25201;Langue de boeuf sauce madère, préemballée;entrées et plats composés;180.0;9.5;4.5;13.5
40207;Langue, agneau, crue;viandes, œufs, poissons et assimilés;167.0;15.4;1.75;10.9
40202;Langue, boeuf, crue;viandes, œufs, poissons et assimilés;193.0;16.8;0.4;13.8
40203;Langue, boeuf, cuite;viandes, œufs, poissons et assimilés;235.0;23.7;0.0;15.6
40205;Langue, porc, crue;viandes, œufs, poissons et assimilés;191.0;16.6;0.5;13.6
40204;Langue, veau, crue;viandes, œufs, poissons et assimilés;151.0;17.0;0.9;8.84
40201;Langue, veau, cuite;viandes, œufs, poissons et assimilés;237.0;21.0;0.0;17.0
34003;Lapin de garenne, viande, crue;viandes, œufs, poissons et assimilés;108.0;21.8;0.0;2.32
34004;Lapin de garenne, viande, cuite;viandes, œufs, poissons et assimilés;164.0;33.0;0.0;3.51
25063;Lapin à la moutarde, préemballé;entrées et plats composés;108.0;14.9;0.5;5.0
34000;Lapin, viande braisée;viandes, œufs, poissons et assimilés;197.0;30.4;0.0;8.41
34001;Lapin, viande crue;viandes, œufs, poissons et assimilés;189.0;20.4;0.66;11.6
34002;Lapin, viande cuite;viandes, œufs, poissons et assimilés;167.0;20.5;0.5;9.2
16530;Lard gras, cru;matières grasses;810.0;2.92;0.0;88.7
28720;Lardon fumé, cru;viandes, œufs, poissons et assimilés;275.0;16.7;0.96;22.6
28725;Lardon fumé, cuit;viandes, œufs, poissons et assimilés;261.0;14.7;0.8;22.1
28501;Lardon nature, cru;viandes, œufs, poissons et assimilés;270.0;16.6;1.01;22.1
28504;Lardon nature, cuit;viandes, œufs, poissons et assimilés;324.0;23.8;2.0;24.5
25081;Lasagnes ou cannelloni à la viande (bolognaise);entrées et plats composés;134.0;6.29;13.5;5.72
25635;Lasagnes ou cannellonis au fromage et aux épinards, préemballés;entrées et plats composés;133.0;6.1;11.4;6.6
25139;Lasagnes ou cannellonis au poisson, préemballées;entrées et plats composés;148.0;7.28;13.0;7.1
25219;Lasagnes ou cannellonis aux légumes et au fromage de chèvre, préemballés, cuits;entrées et plats composés;179.0;7.0;14.0;10.2
25131;Lasagnes ou cannellonis aux légumes, préemballées, cuits;entrées et plats composés;103.0;2.75;11.0;4.85
25218;Lasagnes ou cannellonis aux légumes, préemballés, cuits;entrées et plats composés;122.0;4.38;11.8;5.9
11053;Laurier, feuille;aides culinaires et ingrédients divers;353.0;7.61;48.6;8.36
20587;Lentille verte, bouillie/cuite à l'eau;fruits, légumes, légumineuses et oléagineux;127.0;10.1;16.2;0.58
11009;Levure alimentaire;aides culinaires et ingrédients divers;334.0;40.4;21.8;4.5
20996;Lichen de mer ou pioca ou goémon rouge (Chondrus crispus), séché ou déshydraté;aides culinaires et ingrédients divers;234.0;16.6;21.5;2.3
26129;Lieu jaune ou colin, cru;viandes, œufs, poissons et assimilés;75.5;17.7;0.0;0.51
26192;Lieu jaune ou colin, cuit;viandes, œufs, poissons et assimilés;100.0;24.4;0.0;0.0
26134;Lieu noir, cru;viandes, œufs, poissons et assimilés;82.5;18.8;0.0;0.8
26015;Lieu noir, cuit;viandes, œufs, poissons et assimilés;99.7;23.1;0.0;0.81
26047;Lieu noir, surgelé, cru;viandes, œufs, poissons et assimilés;82.4;19.8;0.0;0.37
26006;Lieu ou colin d'Alaska, cru;viandes, œufs, poissons et assimilés;70.8;16.3;0.0;0.61
26152;Lieu ou colin d'Alaska, fumé;viandes, œufs, poissons et assimilés;81.3;18.3;0.0;0.9
26057;Limande, crue;viandes, œufs, poissons et assimilés;80.8;18.3;0.0;0.85
26135;Limande-sole, crue;viandes, œufs, poissons et assimilés;80.6;17.0;0.0;1.4
26017;Limande-sole, cuite à la vapeur;viandes, œufs, poissons et assimilés;90.1;17.4;0.0;2.27
26016;Limande-sole, panée, frite;viandes, œufs, poissons et assimilés;206.0;16.7;11.9;10.2
26194;Lingue bleue ou Lingue, crue;viandes, œufs, poissons et assimilés;79.6;18.9;0.0;0.44
1003;Liqueur;eaux et autres boissons;328.0;0.1;39.6;0.3
13023;Litchi, pulpe, cru;fruits, légumes, légumineuses et oléagineux;81.0;1.13;16.1;0.0
12037;Livarot;produits laitiers et assimilés;301.0;24.6;0.0;22.6
14004;Lièvre, viande crue;viandes, œufs, poissons et assimilés;111.0;21.6;0.0;2.67
39220;Liégeois aux fruits, préemballé;produits laitiers et assimilés;147.0;1.5;16.0;8.1
26168;Lompe, crue;viandes, œufs, poissons et assimilés;168.0;10.0;0.0;14.2
27023;Lotte de rivière, crue;viandes, œufs, poissons et assimilés;77.0;17.8;0.0;0.66
26018;Lotte ou baudroie, crue;viandes, œufs, poissons et assimilés;67.2;15.1;0.0;0.74
26081;Lotte ou baudroie, grillée/poêlée;viandes, œufs, poissons et assimilés;98.2;23.0;0.0;0.68
26172;Loup tacheté, cru;viandes, œufs, poissons et assimilés;108.0;16.3;0.0;4.8
42200;Lécithine de soja;aides culinaires et ingrédients divers;779.0;0.0;8.0;83.0
20499;Légume cuit (aliment moyen);fruits, légumes, légumineuses et oléagineux;43.5;2.11;5.81;0.3
20258;Légumes (3-4 sortes en mélange), purée;fruits, légumes, légumineuses et oléagineux;61.8;1.94;4.25;3.4
25511;Légumes farcis (sauf tomate);entrées et plats composés;69.8;6.4;3.6;3.0
20496;Légumes pour couscous, surgelés, crus;fruits, légumes, légumineuses et oléagineux;46.5;2.05;6.75;0.7
20263;Légumes pour potages, surgelés, crus;fruits, légumes, légumineuses et oléagineux;34.1;1.44;4.69;0.44
20101;Légumes, mélange surgelé, crus;fruits, légumes, légumineuses et oléagineux;65.1;2.26;5.71;2.65
20051;Macédoine de légumes, appertisée, égouttée;fruits, légumes, légumineuses et oléagineux;40.4;2.32;5.59;0.28
20271;Macédoine de légumes, surgelée, pré-cuite (à recuire);fruits, légumes, légumineuses et oléagineux;54.5;3.48;6.8;0.28
13200;Mangue José, pulpe, crue, prélevée à La Réunion (Mangifera indica L.);fruits, légumes, légumineuses et oléagineux;88.8;0.75;19.3;0.5
13025;Mangue, pulpe, crue;fruits, légumes, légumineuses et oléagineux;73.9;0.63;14.3;0.0
54031;Manioc, racine crue;fruits, légumes, légumineuses et oléagineux;157.0;1.31;36.3;0.29
54034;Manioc, racine cuite;fruits, légumes, légumineuses et oléagineux;132.0;0.69;32.0;0.04
26102;Maquereau espagnol ou maquereau blanc ou billard, cru;viandes, œufs, poissons et assimilés;135.0;22.1;0.0;5.15
26123;Maquereau, au naturel, appertisé, égoutté;viandes, œufs, poissons et assimilés;189.0;21.6;0.0;11.4
26051;Maquereau, cru;viandes, œufs, poissons et assimilés;194.0;18.1;0.0;13.5
26097;Maquereau, filet au vin blanc, appertisé, égoutté;viandes, œufs, poissons et assimilés;207.0;17.8;2.25;14.1
25995;Maquereau, filet grillé, appertisé, nature, égoutté;viandes, œufs, poissons et assimilés;246.0;19.7;0.55;18.3
26096;Maquereau, filet sauce moutarde, appertisé, égoutté;viandes, œufs, poissons et assimilés;217.0;20.8;1.09;14.2
26086;Maquereau, filet sauce tomate, appertisé, égoutté;viandes, œufs, poissons et assimilés;227.0;17.7;1.94;16.3
26020;Maquereau, frit;viandes, œufs, poissons et assimilés;186.0;23.6;0.0;10.2
26087;Maquereau, fumé;viandes, œufs, poissons et assimilés;294.0;18.8;0.0;24.3
26186;Maquereau, mariné;viandes, œufs, poissons et assimilés;185.0;16.3;0.0;13.3
26019;Maquereau, rôti/cuit au four;viandes, œufs, poissons et assimilés;228.0;21.5;0.0;15.8
11034;Marjolaine, séchée;aides culinaires et ingrédients divers;276.0;12.7;20.3;7.04
31039;Marmelade d'orange;produits sucrés;246.0;0.0;59.3;0.4
12030;Maroilles fermier;produits laitiers et assimilés;349.0;21.2;0.0;29.5
12029;Maroilles laitier;produits laitiers et assimilés;338.0;22.3;0.0;27.8
12036;Maroilles, sans précision;produits laitiers et assimilés;325.0;21.9;0.0;26.4
31023;Marron glacé;produits sucrés;324.0;0.94;79.5;0.0
1015;Marsala;eaux et autres boissons;211.0;0.1;27.9;0.0
1016;Marsala aux oeufs;eaux et autres boissons;153.0;0.0;12.4;0.0
16713;"Matière grasse laitière à 20% MG, légère, ""à tartiner"", doux";matières grasses;201.0;0.0;6.2;19.1
16712;"Matière grasse laitière à 25% MG, légère, ""à tartiner"", doux";matières grasses;247.0;0.4;3.8;25.6
16743;Matière grasse mélangée (végétale et laitière) à 50-63% MG;matières grasses;490.0;0.4;0.6;54.0
16744;Matière grasse mélangée (végétale et laitière) à 50-63% MG, demi-sel;matières grasses;481.0;0.4;0.6;53.0
16745;Matière grasse mélangée (végétale et laitière), à tartiner, à 30-40% MG;matières grasses;397.0;1.69;5.6;40.9
16746;Matière grasse mélangée (végétale et laitière), à tartiner, à 30-40% MG, demi-sel;matières grasses;370.0;1.5;5.6;38.0
16080;Matière grasse ou graisse végétale solide (type margarine) pour friture;matières grasses;899.0;0.0;0.0;99.8
16742;Matière grasse végétale (type margarine) à 30-40% MG, légère, demi-sel, aux esters de stérol végétal;matières grasses;325.0;0.1;2.5;35.0
16738;Matière grasse végétale (type margarine) à 50-63% MG, allégée, demi-sel;matières grasses;523.0;0.2;0.0;58.0
16740;Matière grasse végétale (type margarine) à 50-63% MG, allégée, demi-sel, riche en oméga 3;matières grasses;491.0;0.08;0.12;54.5
16741;Matière grasse végétale (type margarine) à 50-63% MG, allégée, doux;matières grasses;536.0;0.0;0.18;59.3
16739;Matière grasse végétale (type margarine) à 50-63% MG, allégée, doux, aux esters de stérol végétal;matières grasses;548.0;0.0;0.0;60.8
16737;Matière grasse végétale (type margarine) à 50-63% MG, allégée, doux, riche en oméga 3;matières grasses;521.0;0.15;0.18;57.8
16654;Matière grasse végétale (type margarine) à 60% de MG, allégée, au tournesol, doux;matières grasses;548.0;0.0;0.0;60.6
16616;Matière grasse végétale (type margarine) à 70% MG, doux;matières grasses;631.0;0.13;0.24;70.0
16614;Matière grasse végétale (type margarine) à 80% MG, salée;matières grasses;722.0;0.0;0.0;80.0
16719;Matière grasse végétale (type margarine), teneur en matière grasse inconue, doux (aliment moyen);matières grasses;608.0;0.16;0.24;67.4
16725;Matière grasse végétale (type margarine), teneur réduite en matière grasse inconnue, doux (aliment moyen);matières grasses;532.0;0.28;0.24;58.9
16734;Matière grasse végétale (type margarine), à tartiner, à 30-40% MG, légère, demi-sel;matières grasses;358.0;0.9;3.05;38.0
16733;Matière grasse végétale (type margarine), à tartiner, à 30-40% MG, légère, doux;matières grasses;366.0;1.44;3.0;38.6
16736;Matière grasse végétale (type margarine), à tartiner, à 30-40% MG, légère, doux, riche en oméga 3;matières grasses;349.0;0.0;0.0;38.8
16615;Matière grasse végétale ou margarine, 80% MG, doux;matières grasses;726.0;0.39;0.3;80.4
20066;Maïs doux, appertisé, égoutté;fruits, légumes, légumineuses et oléagineux;106.0;2.82;18.4;1.68
9200;Maïs entier, cru;produits céréaliers;346.0;8.1;67.2;3.7
13026;Melon cantaloup (par ex.: Charentais, de Cavaillon) pulpe, cru;fruits, légumes, légumineuses et oléagineux;62.7;1.13;14.8;0.0
51500;Meloukhia, feuilles de corète séchées, en poudre;aides culinaires et ingrédients divers;239.0;23.0;12.7;1.8
25175;Meloukhia, plat à base de boeuf et corete, fait maison;entrées et plats composés;189.0;10.6;1.2;14.7
11027;Menthe, fraîche;aides culinaires et ingrédients divers;57.6;3.52;5.3;0.84
11029;Menthe, séchée;aides culinaires et ingrédients divers;283.0;19.9;22.2;6.03
30156;Merguez, boeuf et mouton, crue;viandes, œufs, poissons et assimilés;315.0;14.0;2.8;27.6
30155;Merguez, boeuf et mouton, cuite;viandes, œufs, poissons et assimilés;283.0;19.8;1.8;21.8
30150;Merguez, crue;viandes, œufs, poissons et assimilés;316.0;13.5;2.5;28.0
26095;Merlan, cru;viandes, œufs, poissons et assimilés;79.3;18.8;0.0;0.47
26022;Merlan, cuit à la vapeur;viandes, œufs, poissons et assimilés;98.3;23.0;0.0;0.7
26021;Merlan, frit;viandes, œufs, poissons et assimilés;125.0;23.1;0.0;3.61
26124;Merlan, pané;viandes, œufs, poissons et assimilés;190.0;12.6;13.0;9.57
26233;Merlu blanc du Cap, surgelé, cru;viandes, œufs, poissons et assimilés;78.0;16.1;0.0;1.52
26044;Merlu, cru;viandes, œufs, poissons et assimilés;82.6;17.6;0.0;1.35
26120;Merlu, cuit à l'étouffée;viandes, œufs, poissons et assimilés;112.0;21.2;0.0;3.0
26048;Merlu, filet, surgelé, cru;viandes, œufs, poissons et assimilés;82.0;15.1;0.0;2.4
9330;Mil entier, cru;produits céréaliers;359.0;11.0;64.3;4.21
9331;Mil, cuit, non salé;produits céréaliers;116.0;3.51;22.4;1.0
39001;Milk-shake, provenant de fast food;produits laitiers et assimilés;126.0;3.38;17.4;4.66
12737;Mimolette demi-vieille;produits laitiers et assimilés;365.0;31.5;0.0;26.9
12742;Mimolette extra-vieille;produits laitiers et assimilés;387.0;33.9;0.0;28.2
12735;Mimolette jeune;produits laitiers et assimilés;331.0;28.9;0.0;24.2
12738;Mimolette vieille;produits laitiers et assimilés;397.0;34.0;0.0;28.8
12740;Mimolette, sans précision;produits laitiers et assimilés;308.0;24.9;0.0;23.4
13027;Mirabelle, crue;fruits, légumes, légumineuses et oléagineux;76.9;0.63;18.0;0.0
12051;Mont d'or ou Vacherin du Haut-Doubs (produit en France) ou Vacherin-Mont d'Or (produit en Suisse);produits laitiers et assimilés;302.0;18.9;0.0;25.4
12743;Morbier;produits laitiers et assimilés;355.0;22.8;0.0;29.2
30789;Mortadelle;viandes, œufs, poissons et assimilés;305.0;15.0;1.4;26.7
30797;Mortadelle pistachée pur porc;viandes, œufs, poissons et assimilés;320.0;14.4;1.16;28.2
30791;Mortadelle, porc et boeuf;viandes, œufs, poissons et assimilés;297.0;16.4;0.7;25.4
30790;Mortadelle, pur porc;viandes, œufs, poissons et assimilés;298.0;14.8;1.55;25.8
26024;Morue, salée, bouillie/cuite à l'eau;viandes, œufs, poissons et assimilés;113.0;26.0;0.0;1.01
26098;Morue, salée, sèche;viandes, œufs, poissons et assimilés;206.0;47.6;0.0;1.67
10014;Moule commune, crue;viandes, œufs, poissons et assimilés;71.8;11.2;2.69;1.82
10026;Moule de Méditerranée, crue;viandes, œufs, poissons et assimilés;68.7;10.7;2.77;1.67
10028;Moule, appertisée, égouttée;viandes, œufs, poissons et assimilés;102.0;14.6;5.93;2.2
10013;Moule, bouillie/cuite à l'eau;viandes, œufs, poissons et assimilés;108.0;17.2;5.12;2.09
10083;Moules farcies (matière grasse, persillade…), préemballées, crues;entrées et plats composés;284.0;9.56;4.43;24.8
10082;Moules marinières (oignons et vin blanc);entrées et plats composés;92.0;10.3;7.43;2.24
10081;Moules à la sauce catalane ou escabèche (tomate), appertisée, égouttée;viandes, œufs, poissons et assimilés;145.0;12.5;5.0;7.9
25123;Moussaka;entrées et plats composés;147.0;5.82;5.16;10.8
39206;Mousse au chocolat (base laitière), rayon frais;produits laitiers et assimilés;150.0;5.42;21.3;4.4
39210;Mousse au chocolat traditionnelle, préemballée;produits laitiers et assimilés;303.0;6.52;25.6;18.6
39248;Mousse au chocolat végétale, préemballée;produits laitiers et assimilés;262.0;6.69;24.3;14.0
39228;Mousse aux fruits, rayon frais;produits laitiers et assimilés;53.1;6.25;5.51;0.0
8315;Mousse de canard;viandes, œufs, poissons et assimilés;395.0;10.1;7.07;36.1
8313;Mousse de foie de porc;viandes, œufs, poissons et assimilés;287.0;12.0;3.39;24.9
8312;Mousse de foie de porc supérieure ou Crème de foie;viandes, œufs, poissons et assimilés;322.0;11.1;10.3;26.1
39235;Mousse liégeoise (chocolat, café, caramel ou vanille), rayon frais;produits laitiers et assimilés;186.0;3.62;20.0;10.1
19852;Mousse à la crème de marrons, préemballée;produits laitiers et assimilés;207.0;2.17;34.4;6.5
11013;Moutarde;aides culinaires et ingrédients divers;152.0;6.92;4.33;11.2
11021;Moutarde à l'ancienne;aides culinaires et ingrédients divers;142.0;6.6;2.2;9.9
21006;Mouton, gigot, cru;viandes, œufs, poissons et assimilés;225.0;18.0;0.0;17.0
21004;Mouton, pied, cru;viandes, œufs, poissons et assimilés;204.0;18.1;0.0;14.6
21005;Mouton, tête, crue;viandes, œufs, poissons et assimilés;204.0;18.1;0.0;14.6
21001;Mouton, viande, crue;viandes, œufs, poissons et assimilés;137.0;20.6;0.0;6.11
21003;Mouton, épaule, crue;viandes, œufs, poissons et assimilés;204.0;18.3;0.1;14.5
19591;"Mozzarella au lait de bufflonne ou buflesse (""di bufala"")";produits laitiers et assimilés;260.0;14.5;0.24;22.3
19590;Mozzarella au lait de vache;produits laitiers et assimilés;227.0;16.5;0.75;17.7
32004;Muesli (aliment moyen);produits sucrés;418.0;7.49;66.6;12.2
32109;Muesli croustillant au chocolat (non enrichi en vitamines et minéraux);produits sucrés;442.0;8.57;63.2;16.7
32112;Muesli croustillant au chocolat, avec ou sans fruits, enrichi en vitamines et minéraux;produits sucrés;451.0;9.13;62.7;16.7
32108;Muesli croustillant aux fruits et/ou fruits secs, graines (non enrichi en vitamines et minéraux);produits sucrés;436.0;8.88;59.7;16.7
32111;Muesli croustillant aux fruits ou fruits secs, enrichi en vitamines et minéraux;produits sucrés;460.0;5.67;68.4;17.3
32139;Muesli enrichi en vitamines et minéraux (aliment moyen);produits sucrés;424.0;6.96;67.3;12.8
32138;Muesli floconneux aux fruits ou fruits secs (non enrichi en vitamines et minéraux);produits sucrés;369.0;9.5;61.7;6.9
32110;Muesli floconneux aux fruits ou fruits secs, enrichi en vitamines et minéraux;produits sucrés;361.0;9.19;65.4;5.0
32113;Muesli floconneux aux fruits ou fruits secs, sans sucres ajoutés;produits sucrés;400.0;10.7;61.6;11.0
32128;Muesli floconneux ou de type traditionnel;produits sucrés;382.0;10.6;68.5;4.83
32141;Muesli non enrichi en vitamines et minéraux (aliment moyen);produits sucrés;401.0;9.2;60.7;11.6
7256;Muffin anglais, complet, petit pain spécial, préemballé;produits céréaliers;217.0;12.5;32.9;1.87
7257;Muffin anglais, petit pain spécial, préemballé;produits céréaliers;228.0;10.6;39.6;1.88
26091;Mulet, cru;viandes, œufs, poissons et assimilés;113.0;20.1;0.0;3.62
26026;Mulet, rôti/cuit au four;viandes, œufs, poissons et assimilés;143.0;24.8;0.0;4.86
32135;Multi-céréales soufflées ou extrudées, enrichies en vitamines et minéraux;produits sucrés;392.0;7.39;79.4;4.27
12039;Munster;produits laitiers et assimilés;344.0;21.2;0.0;29.0
8450;Museau de boeuf;viandes, œufs, poissons et assimilés;151.0;26.2;0.0;5.17
25610;Museau de boeuf en vinaigrette;viandes, œufs, poissons et assimilés;167.0;11.3;1.0;13.1
8406;Museau de porc vinaigrette;viandes, œufs, poissons et assimilés;185.0;8.22;1.02;16.3
13028;Myrtille, crue;fruits, légumes, légumineuses et oléagineux;57.7;0.87;10.6;0.33
20099;Mâche, crue;fruits, légumes, légumineuses et oléagineux;16.8;2.0;0.5;0.0
13051;Mélange apéritif de fruits exotiques, sec;fruits, légumes, légumineuses et oléagineux;389.0;2.19;69.5;10.5
15049;Mélange apéritif de graines (non salées) et raisins secs;fruits, légumes, légumineuses et oléagineux;541.0;12.5;31.8;37.2
15018;Mélange apéritif de graines salées et raisins secs;fruits, légumes, légumineuses et oléagineux;560.0;16.6;27.1;39.6
9612;Mélange de céréales et légumineuses, cru;produits céréaliers;354.0;13.7;59.0;4.0
26178;Mérou, cru;viandes, œufs, poissons et assimilés;82.3;18.6;0.0;0.86
13029;Mûre (de ronce), crue;fruits, légumes, légumineuses et oléagineux;47.3;1.13;6.53;0.7
25124;Navarin d'agneau aux légumes;entrées et plats composés;133.0;8.05;5.0;8.61
20321;Navet, bouilli/cuit à l'eau;fruits, légumes, légumineuses et oléagineux;21.1;0.75;3.23;0.0
2061;Nectar multifruit, standard;eaux et autres boissons;49.7;0.3;11.5;0.09
13149;Nectarine ou brugnon, blanche, pulpe et peau, crue;fruits, légumes, légumineuses et oléagineux;51.8;0.81;11.4;0.0
13148;Nectarine ou brugnon, jaune, pulpe et peau, crue;fruits, légumes, légumineuses et oléagineux;51.3;0.69;11.3;0.0
25420;Nem ou Pâté impérial;entrées et plats composés;216.0;6.48;21.1;11.2
25583;Nem ou Pâté impérial, au porc, préemballé, cuit;entrées et plats composés;237.0;6.88;22.6;12.7
25582;Nem ou Pâté impérial, au poulet, préemballé, cuit;entrées et plats composés;197.0;8.06;20.9;8.1
25584;Nem ou Pâté impérial, aux crevettes et/ou au crabe, préemballé, cuit;entrées et plats composés;213.0;7.44;23.7;9.2
12031;Neufchâtel;produits laitiers et assimilés;287.0;18.5;0.0;23.9
15055;Noix de cajou, grillée à sec, non salée;fruits, légumes, légumineuses et oléagineux;630.0;17.4;23.5;49.0
15054;Noix de cajou, grillée, non salée;fruits, légumes, légumineuses et oléagineux;618.0;17.4;21.3;48.1
11048;Noix de muscade;aides culinaires et ingrédients divers;507.0;5.3;28.5;36.3
20987;Nori (Porphyra sp.), séchée ou déshydratée;aides culinaires et ingrédients divers;255.0;31.5;10.5;1.63
39529;Nougat glacé;glaces et sorbets;263.0;4.93;25.3;15.2
9085;Nouilles asiatiques cuites, aromatisées;produits céréaliers;147.0;4.78;18.8;4.3
25183;Nouilles sautées/poêlées aux crevettes;entrées et plats composés;104.0;4.88;12.6;3.4
25225;Nuggets de blé (sans soja), préemballé;entrées et plats composés;284.0;12.6;22.4;14.9
25227;Nuggets soja et blé (convient aux véganes ou végétaliens), préemballé;entrées et plats composés;251.0;15.5;19.7;10.9
25226;Nuggets soja et blé (ne convient pas aux véganes ou végétaliens), préemballé;entrées et plats composés;253.0;14.1;18.5;12.6
22070;Oeuf d'oie, cru;viandes, œufs, poissons et assimilés;180.0;13.8;1.4;13.3
22050;Oeuf de caille, cru;viandes, œufs, poissons et assimilés;154.0;13.1;0.41;11.1
22060;Oeuf de cane, cru;viandes, œufs, poissons et assimilés;181.0;13.0;1.31;13.8
22080;Oeuf de dinde, cru;viandes, œufs, poissons et assimilés;166.0;13.7;1.13;11.9
22501;Oeuf, au plat, frit, salé;viandes, œufs, poissons et assimilés;204.0;14.3;0.74;16.0
22505;Oeuf, au plat, sans matière grasse;viandes, œufs, poissons et assimilés;147.0;13.8;1.01;9.72
22001;Oeuf, blanc (blanc d'oeuf), cru;viandes, œufs, poissons et assimilés;48.1;10.8;0.85;0.19
22008;Oeuf, blanc (blanc d'oeuf), cuit;viandes, œufs, poissons et assimilés;47.3;10.3;1.12;0.17
22004;Oeuf, blanc (blanc d'oeuf), en poudre;viandes, œufs, poissons et assimilés;356.0;81.2;7.73;0.0
22502;Oeuf, brouillé, avec matière grasse;viandes, œufs, poissons et assimilés;145.0;9.99;1.62;11.0
22000;Oeuf, cru;viandes, œufs, poissons et assimilés;140.0;12.7;0.27;9.83
22010;Oeuf, dur;viandes, œufs, poissons et assimilés;134.0;13.5;0.52;8.62
22013;Oeuf, en poudre;viandes, œufs, poissons et assimilés;582.0;47.9;3.11;42.0
22002;Oeuf, jaune (jaune d'oeuf), cru;viandes, œufs, poissons et assimilés;307.0;15.5;1.09;26.7
22009;Oeuf, jaune (jaune d'oeuf), cuit;viandes, œufs, poissons et assimilés;340.0;16.0;1.31;30.1
22003;Oeuf, jaune (jaune d'oeuf), en poudre;viandes, œufs, poissons et assimilés;660.0;34.1;2.77;57.0
22011;Oeuf, poché;viandes, œufs, poissons et assimilés;138.0;12.5;0.71;9.47
22014;Oeuf, à la coque;viandes, œufs, poissons et assimilés;142.0;12.2;1.08;9.82
26056;Oeufs de cabillaud, fumés, semi-conserve;viandes, œufs, poissons et assimilés;146.0;26.9;0.1;4.2
26004;Oeufs de lompe, semi-conserve;viandes, œufs, poissons et assimilés;111.0;10.4;1.0;7.27
26275;Oeufs de saumon, semi-conserve;viandes, œufs, poissons et assimilés;224.0;30.8;1.5;10.5
36500;Oie, viande crue;viandes, œufs, poissons et assimilés;155.0;22.6;0.0;7.12
36501;Oie, viande et peau, crue;viandes, œufs, poissons et assimilés;365.0;15.7;0.0;33.6
36503;Oie, viande et peau, rôtie/cuite au four;viandes, œufs, poissons et assimilés;298.0;25.2;0.0;21.9
36502;Oie, viande, rôtie/cuite au four;viandes, œufs, poissons et assimilés;230.0;29.0;0.0;12.7
20322;Oignon blanc ou jaune, sauté/poêlé sans matière grasse;fruits, légumes, légumineuses et oléagineux;40.2;1.56;6.73;0.0
20239;Oignon jaune, cru;fruits, légumes, légumineuses et oléagineux;37.8;1.19;6.39;0.0
20323;Oignon nouveau ou oignon frais ou cébette, sauté/poêlé sans matière grasse;fruits, légumes, légumineuses et oléagineux;27.6;1.13;3.56;0.3
20238;Oignon rouge, cru;fruits, légumes, légumineuses et oléagineux;36.3;1.31;5.63;0.4
20324;Oignon rouge, sauté/poêlé sans matière grasse;fruits, légumes, légumineuses et oléagineux;42.4;1.69;7.55;0.0
13184;Olive (aliment moyen);aides culinaires et ingrédients divers;162.0;1.39;0.04;16.5
13131;Olive noire, à l'huile (à la grecque);aides culinaires et ingrédients divers;332.0;2.19;0.0;33.3
13033;Olive verte, en saumure, égouttée;aides culinaires et ingrédients divers;155.0;1.31;0.0;15.7
26171;Omble chevalier, cru;viandes, œufs, poissons et assimilés;103.0;19.8;0.0;2.7
22506;Omelette au fromage;viandes, œufs, poissons et assimilés;255.0;17.7;2.56;19.3
22508;Omelette aux champignons;viandes, œufs, poissons et assimilés;125.0;8.09;2.28;9.2
22509;Omelette aux fines herbes;viandes, œufs, poissons et assimilés;147.0;9.5;1.98;11.2
22507;Omelette aux lardons;viandes, œufs, poissons et assimilés;267.0;12.5;1.46;23.5
39518;Omelette norvégienne;glaces et sorbets;212.0;3.6;34.8;6.5
22511;Omelette, garnitures diverses : légumes, fromages, viandes... (aliment moyen);viandes, œufs, poissons et assimilés;184.0;9.82;5.07;13.5
13034;Orange, pulpe, crue;fruits, légumes, légumineuses et oléagineux;45.5;0.75;8.03;0.0
28530;Oreille de porc demi-sel;viandes, œufs, poissons et assimilés;228.0;22.5;0.6;15.1
9320;Orge entière, crue;produits céréaliers;334.0;12.5;56.2;2.3
9322;Orge perlée, bouilli/cuite à l'eau, non salée;produits céréaliers;119.0;2.26;24.4;0.44
9321;Orge perlée, crue;produits céréaliers;346.0;9.91;68.6;1.16
11035;Origan, séché;aides culinaires et ingrédients divers;265.0;9.0;26.4;4.28
10041;Ormeau, cru;viandes, œufs, poissons et assimilés;99.6;14.4;8.69;0.83
26166;Orphie commune, crue;viandes, œufs, poissons et assimilés;133.0;20.0;0.0;5.91
12119;Ossau-Iraty;produits laitiers et assimilés;428.0;24.2;0.0;37.0
25164;Osso buco;entrées et plats composés;96.7;11.2;3.5;4.08
7000;Pain (aliment moyen);produits céréaliers;276.0;8.21;54.4;1.61
7730;Pain au chocolat feuilleté, artisanal;produits sucrés;423.0;7.47;45.4;22.5
7733;Pain au chocolat, préemballé;produits sucrés;425.0;6.9;46.8;22.3
7712;Pain au lait aux pépites de chocolat, préemballé;produits sucrés;369.0;8.51;52.0;13.5
7710;Pain au lait, artisanal;produits sucrés;382.0;8.55;50.6;15.4
7711;Pain au lait, préemballé;produits sucrés;359.0;8.94;52.2;12.3
7115;Pain au son;produits céréaliers;249.0;8.03;44.4;2.6
7720;Pain aux raisins (viennoiserie);produits sucrés;333.0;5.11;55.9;9.0
7260;Pain blanc maison (avec farine pour machine à pain);produits céréaliers;256.0;7.81;52.1;0.9
7225;Pain brioché ou viennois;produits sucrés;356.0;9.76;55.5;9.38
7110;Pain complet ou intégral (à la farine T150);produits céréaliers;244.0;8.38;44.3;1.8
7012;Pain courant, 400g ou boule;produits céréaliers;266.0;7.9;52.0;2.0
7261;Pain de campagne maison (avec farine pour machine à pain);produits céréaliers;240.0;7.98;46.7;0.9
7210;Pain de mie brioché, préemballé;produits céréaliers;309.0;7.87;52.4;6.5
7112;Pain de mie, au son;produits céréaliers;278.0;6.84;46.0;5.5
7111;Pain de mie, complet;produits céréaliers;262.0;8.51;43.7;4.06
7200;Pain de mie, courant;produits céréaliers;278.0;7.13;52.3;3.6
7113;Pain de mie, multicéréale;produits céréaliers;274.0;8.81;43.6;5.41
7201;Pain de mie, sans croûte, préemballé;produits céréaliers;271.0;7.52;49.5;3.8
7125;Pain de seigle, et froment;produits céréaliers;260.0;8.27;51.5;1.0
7403;Pain grillé brioché, tranché, préemballé;produits céréaliers;419.0;10.6;70.8;9.19
7420;Pain grillé suédois au blé complet;produits céréaliers;398.0;10.5;66.4;8.0
7407;Pain grillé suédois au froment;produits céréaliers;402.0;8.89;68.5;8.25
7421;Pain grillé suédois aux fruits;produits céréaliers;401.0;7.98;70.8;8.0
7409;Pain grillé suédois aux graines de lin;produits céréaliers;396.0;10.3;63.0;9.0
7004;Pain grillé, domestique;produits céréaliers;317.0;9.46;64.0;1.3
7400;Pain grillé, tranches, au froment;produits céréaliers;404.0;9.76;74.4;6.16
7425;Pain grillé, tranches, multicéréale;produits céréaliers;419.0;11.1;68.8;9.3
7170;Pain panini;produits céréaliers;272.0;7.66;55.9;1.1
39236;Pain perdu;produits laitiers et assimilés;218.0;6.0;29.0;8.45
7180;Pain pita;produits céréaliers;259.0;7.53;53.0;0.92
7262;Pain pour hamburger ou hot dog (bun), complet, préemballé;produits céréaliers;285.0;8.89;46.3;5.75
7259;Pain pour hamburger ou hot dog (bun), préemballé;produits céréaliers;293.0;9.07;49.7;5.35
7002;Pain, baguette ou boule, au levain;produits céréaliers;261.0;7.41;53.1;1.3
7255;Pain, baguette ou boule, aux céréales et graines, artisanal;produits céréaliers;269.0;9.58;46.9;3.2
7025;Pain, baguette ou boule, bio (à la farine T55 jusqu'à T110);produits céréaliers;257.0;8.68;49.9;1.19
7010;Pain, baguette ou boule, bis (à la farine T80 ou T110);produits céréaliers;265.0;8.6;54.0;0.33
7100;Pain, baguette ou boule, de campagne;produits céréaliers;253.0;7.52;50.0;1.3
7001;Pain, baguette, courante;produits céréaliers;287.0;8.27;58.3;1.4
7007;Pain, baguette, de tradition française;produits céréaliers;279.0;8.15;56.6;1.0
7160;Pain, baguette, sans sel;produits céréaliers;279.0;8.3;56.5;1.3
7130;Pain, sans gluten;produits céréaliers;261.0;2.62;51.8;3.3
25200;Palette à la diable, préemballée;entrées et plats composés;120.0;13.5;2.08;6.07
25513;Pan bagnat;entrées et plats composés;215.0;7.95;30.3;6.48
5004;Panaché (limonade et bière);eaux et autres boissons;36.2;0.0;5.63;0.0
5005;Panaché préemballé (<1° alc.);eaux et autres boissons;25.4;0.48;4.93;0.0
20181;Panais, cru;fruits, légumes, légumineuses et oléagineux;58.3;1.54;10.1;0.4
20133;Panais, cuit;fruits, légumes, légumineuses et oléagineux;67.8;1.32;13.4;0.3
20325;Panais, cuit à l'étouffée;fruits, légumes, légumineuses et oléagineux;90.8;1.94;16.6;0.5
28858;Pancetta ou Poitrine roulée sèche;viandes, œufs, poissons et assimilés;342.0;20.2;0.75;28.8
27018;Panga, Pangasius, ou poisson-chat du Mékong, filet, cuit;viandes, œufs, poissons et assimilés;79.0;17.5;0.0;1.0
27017;Pangasius ou Poisson-chat, cru;viandes, œufs, poissons et assimilés;65.2;13.5;0.0;1.27
19685;Panna cotta, avec préparations de fruits ou caramel, rayon frais;produits laitiers et assimilés;198.0;2.74;14.9;13.0
25228;Pané soja et blé (ne convient pas aux véganes ou végétaliens);entrées et plats composés;260.0;14.4;16.8;13.9
13202;Papaye Colombo (fruit mûr), pulpe sans pépin, crue, prélevée à La Réunion (Carica papaya L.);fruits, légumes, légumineuses et oléagineux;40.0;0.56;7.88;0.0
13035;Papaye, pulpe, crue;fruits, légumes, légumineuses et oléagineux;42.2;0.75;8.53;0.0
11049;Paprika;aides culinaires et ingrédients divers;319.0;14.1;19.1;12.9
25195;Parmentier de canard, préemballé;entrées et plats composés;146.0;6.82;8.51;9.06
25587;Parmentier de canard, préemballé, cuit;entrées et plats composés;168.0;7.0;10.5;10.2
12120;Parmesan;produits laitiers et assimilés;406.0;31.1;0.0;31.0
25568;Pastilla au poulet, préemballée;entrées et plats composés;218.0;12.3;14.1;12.2
1000;Pastis;eaux et autres boissons;274.0;0.0;2.86;0.0
1010;Pastis, prêt à boire (1+ 5);eaux et autres boissons;27.6;0.0;6.89;0.0
13036;Pastèque, pulpe, crue;fruits, légumes, légumineuses et oléagineux;38.9;0.69;8.33;0.0
4101;Patate douce, crue;fruits, légumes, légumineuses et oléagineux;86.3;1.51;18.3;0.15
4102;Patate douce, cuite;fruits, légumes, légumineuses et oléagineux;62.8;1.69;12.2;0.15
4103;Patate douce, purée, cuisinée à la crème;fruits, légumes, légumineuses et oléagineux;79.8;1.1;12.1;2.0
25125;Paupiette de veau;entrées et plats composés;193.0;14.5;2.6;13.8
25213;Paupiette de veau, préemballée,  cuite au four;entrées et plats composés;276.0;22.0;0.48;20.5
25126;Paupiette de volaille;entrées et plats composés;164.0;23.9;8.8;3.4
11061;Pavot, graine;aides culinaires et ingrédients divers;551.0;19.7;13.7;43.1
25031;Paëlla;entrées et plats composés;148.0;7.86;17.1;4.9
10048;Pecten d'Amérique ou Peigne du canada, noix, crue;viandes, œufs, poissons et assimilés;81.3;17.3;1.78;0.54
27025;Perche du Nil, crue;viandes, œufs, poissons et assimilés;82.4;19.1;0.0;0.68
27010;Perche, crue;viandes, œufs, poissons et assimilés;82.2;17.9;0.0;1.19
27005;Perche, rôtie/cuite au four;viandes, œufs, poissons et assimilés;119.0;22.1;0.0;3.42
11014;Persil, frais;aides culinaires et ingrédients divers;43.0;3.71;3.48;0.63
11024;Persil, séché;aides culinaires et ingrédients divers;291.0;29.0;16.8;5.34
20247;Petit pot légumes, avec féculent, dès 4/6 mois;aliments infantiles;41.7;1.3;6.45;0.8
20246;Petit pot légumes, dès 4-6 mois;aliments infantiles;26.3;0.9;3.8;0.0
25010;Petit salé ou saucisse aux lentilles, préemballé;entrées et plats composés;118.0;8.24;8.89;4.87
20093;Petits pois et carottes, appertisés, égouttés;fruits, légumes, légumineuses et oléagineux;49.0;2.51;7.39;0.33
20036;Petits pois, appertisés, égouttés;fruits, légumes, légumineuses et oléagineux;81.5;5.12;10.7;0.8
20326;Petits pois, bouillis/cuits à l'eau;fruits, légumes, légumineuses et oléagineux;80.3;6.38;9.93;0.6
12836;Picodon (fromage de chèvre);produits laitiers et assimilés;315.0;20.7;0.0;26.0
28540;Pied de porc demi-sel;viandes, œufs, poissons et assimilés;137.0;11.6;0.01;10.0
36600;Pigeon, cru;viandes, œufs, poissons et assimilés;222.0;18.9;0.7;16.0
36602;Pigeon, viande, rôtie/cuite au four;viandes, œufs, poissons et assimilés;213.0;23.9;0.0;13.0
26027;Pilchard, sauce tomate, appertisé, égoutté;viandes, œufs, poissons et assimilés;167.0;13.0;3.99;11.0
36700;Pintade, crue;viandes, œufs, poissons et assimilés;143.0;22.8;0.0;5.75
36703;Pintade, cuisse, crue;viandes, œufs, poissons et assimilés;121.0;21.3;0.0;4.0
36702;Pintade, poitrine, crue;viandes, œufs, poissons et assimilés;107.0;25.1;0.0;0.7
25528;Pissaladière, préemballée;entrées et plats composés;284.0;6.4;33.8;13.1
25516;Pizza (aliment moyen);entrées et plats composés;233.0;10.7;27.3;8.39
25478;Pizza 4 fromages, préemballée;entrées et plats composés;267.0;13.1;28.2;10.5
25462;Pizza au chorizo ou salami, préemballée;entrées et plats composés;248.0;10.4;26.5;10.7
25468;Pizza au chèvre et lardons, préemballée;entrées et plats composés;245.0;10.7;26.9;9.96
25404;Pizza au fromage ou Pizza margherita, préemballée;entrées et plats composés;227.0;8.93;29.6;7.64
26272;Pizza au poulet, préemballée;entrées et plats composés;215.0;9.95;27.5;6.68
25464;Pizza au saumon, préemballée;entrées et plats composés;231.0;10.1;26.7;8.78
26274;Pizza au speck ou jambon cru, préemballée;entrées et plats composés;240.0;12.2;25.7;9.43
26270;Pizza au thon, préemballée;entrées et plats composés;220.0;10.8;23.3;8.78
25463;Pizza aux fruits de mer, préemballée;entrées et plats composés;200.0;10.3;24.6;6.65
25570;Pizza aux lardons, oignons et fromage, préemballée;entrées et plats composés;255.0;11.2;27.7;10.6
25472;Pizza aux légumes ou Pizza 4 saisons, préemballée;entrées et plats composés;214.0;8.48;25.7;8.0
25477;Pizza champignons fromage, préemballée;entrées et plats composés;217.0;7.8;31.6;6.1
25548;Pizza jambon fromage champignons ou pizza royale, reine ou regina, préemballée;entrées et plats composés;205.0;9.54;25.7;6.66
25435;Pizza jambon fromage, préemballée;entrées et plats composés;218.0;10.3;28.0;6.69
26271;Pizza kebab, préemballée;entrées et plats composés;211.0;9.4;26.6;7.01
26273;Pizza type raclette ou tartiflette, préemballée;entrées et plats composés;276.0;11.8;27.5;12.7
25457;Pizza à la viande, type bolognaise, préemballée;entrées et plats composés;227.0;10.3;27.2;8.03
25525;Pizza, sauce garniture pour;aides culinaires et ingrédients divers;38.5;2.12;3.2;0.73
20251;Plat légumes, avec féculent et lait/crème, dès 12 mois;aliments infantiles;71.6;2.88;8.53;2.3
20254;Plat légumes, avec féculent et lait/crème, dès 18 mois;aliments infantiles;70.3;2.56;8.59;2.4
20249;Plat légumes, avec féculent et lait/crème, dès 6-8 mois;aliments infantiles;70.2;2.38;9.12;2.3
20250;Plat légumes, avec féculent et lait/crème, dès 8-12 mois;aliments infantiles;77.5;2.1;8.1;3.5
42605;Plat légumes, avec féculent et viande/poisson, dès 12 mois;aliments infantiles;75.7;2.5;8.95;2.9
42606;Plat légumes, avec féculent et viande/poisson, dès 18 mois;aliments infantiles;68.3;2.82;9.02;1.98
42603;Plat légumes, avec féculent et viande/poisson, dès 6-8 mois;aliments infantiles;59.0;3.6;5.9;1.6
42604;Plat légumes, avec féculent et viande/poisson, dès 8-12 mois;aliments infantiles;54.9;2.8;6.77;1.31
20248;Plat légumes, avec féculent, dès 6-8 mois;aliments infantiles;42.9;1.2;6.9;0.7
13734;Poire au sirop léger, appertisée, égouttée;fruits, légumes, légumineuses et oléagineux;64.9;0.0;13.9;0.4
39519;Poire belle Hélène;glaces et sorbets;196.0;2.74;23.5;9.57
13188;Poire Conférence, pulpe, crue;fruits, légumes, légumineuses et oléagineux;53.1;0.0;11.4;0.0
13189;Poire Williams, pulpe, crue;fruits, légumes, légumineuses et oléagineux;54.1;0.0;11.5;0.0
20327;Poireau, bouilli/cuit à l'eau;fruits, légumes, légumineuses et oléagineux;27.4;2.56;2.23;0.0
20039;Poireau, cru;fruits, légumes, légumineuses et oléagineux;32.3;1.49;4.9;0.25
20236;Poireau, surgelé, cru;fruits, légumes, légumineuses et oléagineux;26.7;1.42;3.35;0.29
20507;Pois chiche, bouilli/cuit à l'eau;fruits, légumes, légumineuses et oléagineux;147.0;8.31;17.7;3.0
20216;Pois mange-tout ou pois gourmand, bouilli/cuit à l'eau;fruits, légumes, légumineuses et oléagineux;30.5;2.25;3.39;0.3
25146;Poisson blanc sauce oseille, préemballé;entrées et plats composés;114.0;11.8;3.9;5.5
25145;Poisson blanc à l'estragon, préemballé;entrées et plats composés;77.2;8.8;4.2;2.8
25086;Poisson blanc à la bordelaise, préemballé;entrées et plats composés;176.0;14.8;5.3;10.4
25140;Poisson blanc à la florentine (sauce aux épinards), préemballé;entrées et plats composés;100.0;11.4;2.9;4.35
25141;Poisson blanc à la marinière (sauce aux oignons, vin blanc, moules), préemballé;entrées et plats composés;80.0;11.5;2.2;2.8
25143;Poisson blanc à la parisienne (sauce aux champignons), préemballé;entrées et plats composés;79.9;9.16;3.0;3.25
25128;Poisson blanc à la provençale ou niçoise (sauce tomate), préemballé;entrées et plats composés;75.2;9.31;3.1;2.3
25142;Poisson blanc à la sauce moutarde, préemballé;entrées et plats composés;90.8;9.2;5.4;3.6
26249;Poisson blanc, cuit (aliment moyen);entrées et plats composés;107.0;22.0;0.0;2.18
26250;Poisson blanc, de mer, cuit (aliment moyen);entrées et plats composés;106.0;22.1;0.0;2.0
26140;Poisson cuit (aliment moyen);entrées et plats composés;144.0;23.5;0.0;5.52
26054;Poisson en sauce, surgelé;entrées et plats composés;132.0;13.3;3.18;7.05
26030;Poisson pané, frit;viandes, œufs, poissons et assimilés;193.0;11.9;13.4;10.0
26029;Poisson pané, surgelé, cru;viandes, œufs, poissons et assimilés;162.0;11.0;16.1;5.73
26028;Poisson, croquette ou beignet ou nuggets, frit;viandes, œufs, poissons et assimilés;255.0;13.2;18.4;13.7
28550;Poitrine de porc demi-sel;viandes, œufs, poissons et assimilés;268.0;16.8;0.75;22.0
28502;Poitrine de porc, fumée, crue;viandes, œufs, poissons et assimilés;303.0;15.6;0.79;26.1
11019;Poivre blanc, poudre;aides culinaires et ingrédients divers;310.0;11.4;48.3;2.11
11088;Poivre de Cayenne ou piment de Cayenne;aides culinaires et ingrédients divers;376.0;12.0;29.4;17.3
11015;Poivre noir, poudre;aides culinaires et ingrédients divers;330.0;13.3;39.5;7.5
20168;Poivron jaune, cru;fruits, légumes, légumineuses et oléagineux;30.7;0.94;4.73;0.3
20328;Poivron jaune, sauté/poêlé sans matière grasse;fruits, légumes, légumineuses et oléagineux;35.8;1.0;5.33;0.6
20087;Poivron rouge, cru;fruits, légumes, légumineuses et oléagineux;36.6;1.06;5.98;0.0
20329;Poivron rouge, sauté/poêlé sans matière grasse;fruits, légumes, légumineuses et oléagineux;35.7;0.94;6.53;0.0
20085;Poivron vert, cru;fruits, légumes, légumineuses et oléagineux;26.0;0.81;3.43;0.0
20330;Poivron vert, sauté/poêlé sans matière grasse;fruits, légumes, légumineuses et oléagineux;28.6;1.25;3.53;0.3
9615;Polenta ou semoule de maïs, cuite, non salée;produits céréaliers;77.5;1.38;16.9;0.0
9614;Polenta ou semoule de maïs, précuite, sèche;produits céréaliers;350.0;7.88;74.0;1.8
31109;Pollen, partiellement séché;aides culinaires et ingrédients divers;358.0;21.9;52.5;4.2
31111;Pollen,frais;aides culinaires et ingrédients divers;285.0;17.5;37.7;5.17
13040;Pomelo (dit Pamplemousse), pulpe, cru;fruits, légumes, légumineuses et oléagineux;39.8;0.0;8.02;0.0
13190;Pomme Chantecler, pulpe, crue;fruits, légumes, légumineuses et oléagineux;51.8;0.0;11.2;0.0
4020;Pomme de terre dauphine, surgelée, crue;fruits, légumes, légumineuses et oléagineux;285.0;4.62;25.6;17.7
4021;Pomme de terre dauphine, surgelée, cuite;fruits, légumes, légumineuses et oléagineux;302.0;4.5;30.2;17.7
4028;Pomme de terre de conservation, sans peau, bouillie/cuite à l'eau;fruits, légumes, légumineuses et oléagineux;76.1;1.81;15.7;0.0
4042;Pomme de terre duchesse, surgelée, crue;fruits, légumes, légumineuses et oléagineux;178.0;2.8;23.2;7.72
4034;Pomme de terre duchesse, surgelée, cuite;fruits, légumes, légumineuses et oléagineux;218.0;3.44;29.5;8.5
4013;Pomme de terre noisette, surgelée, crue;fruits, légumes, légumineuses et oléagineux;181.0;2.76;24.9;7.22
4035;Pomme de terre noisette, surgelée, cuite;fruits, légumes, légumineuses et oléagineux;191.0;2.81;28.5;6.6
4023;Pomme de terre nouvelle, crue;fruits, légumes, légumineuses et oléagineux;76.4;1.88;15.9;0.3
4015;Pomme de terre poêlée, avec matière grasse;fruits, légumes, légumineuses et oléagineux;137.0;2.5;17.3;5.7
4029;Pomme de terre primeur, sans peau, bouillie/cuite à l'eau;fruits, légumes, légumineuses et oléagineux;71.6;1.84;14.9;0.0
4043;Pomme de terre sautée/ rissolée, pré-frites, surgelée, crue;fruits, légumes, légumineuses et oléagineux;135.0;2.32;20.9;4.2
4036;Pomme de terre sautée/poêlée à la graisse de canard;fruits, légumes, légumineuses et oléagineux;213.0;2.54;21.9;12.1
4027;Pomme de terre sautée/rissolée, pré-frite, surgelée, cuite;fruits, légumes, légumineuses et oléagineux;156.0;2.81;23.0;4.8
4014;Pomme de terre vapeur, sous vide;fruits, légumes, légumineuses et oléagineux;73.6;1.7;15.4;0.2
4011;Pomme de terre, appertisée, égouttée;fruits, légumes, légumineuses et oléagineux;59.9;1.47;11.7;0.34
4003;Pomme de terre, bouillie/cuite à l'eau;fruits, légumes, légumineuses et oléagineux;80.5;1.8;16.7;0.34
4048;Pomme de terre, cuite (aliment moyen);fruits, légumes, légumineuses et oléagineux;93.2;2.01;17.2;1.37
4016;Pomme de terre, flocons déshydratés, au lait ou à la crème;fruits, légumes, légumineuses et oléagineux;371.0;10.6;69.4;3.97
4022;Pomme de terre, flocons déshydratés, nature;fruits, légumes, légumineuses et oléagineux;361.0;8.04;76.1;0.46
4047;Pomme de terre, purée (aliment moyen);fruits, légumes, légumineuses et oléagineux;91.8;2.11;12.7;3.25
4019;Pomme de terre, purée à base de flocons, reconstituée avec lait demi-écrémé et eau, non salée;fruits, légumes, légumineuses et oléagineux;67.3;2.63;12.1;0.53
4017;Pomme de terre, purée à base de flocons, reconstituée avec lait entier, matière grasse;fruits, légumes, légumineuses et oléagineux;97.9;1.92;10.2;5.18
4018;Pomme de terre, purée, avec lait et beurre, non salée;fruits, légumes, légumineuses et oléagineux;88.8;1.89;14.2;2.4
4026;Pomme de terre, rôtie/cuite au four;fruits, légumes, légumineuses et oléagineux;89.4;2.5;18.5;0.13
4008;Pomme de terre, sans peau, crue;fruits, légumes, légumineuses et oléagineux;80.5;2.16;16.2;0.18
4002;Pomme de terre, sans peau, rôtie/cuite au four;fruits, légumes, légumineuses et oléagineux;91.9;1.96;20.1;0.1
13191;Pomme Gala, pulpe, crue;fruits, légumes, légumineuses et oléagineux;54.5;0.0;11.9;0.0
13620;Pomme Golden, pulpe et peau, crue;fruits, légumes, légumineuses et oléagineux;57.1;0.0;12.8;0.0
13086;Pomme Golden, pulpe, crue;fruits, légumes, légumineuses et oléagineux;54.9;0.0;11.7;0.0
13122;Pomme Granny Smith, pulpe et peau, crue;fruits, légumes, légumineuses et oléagineux;51.5;0.0;10.7;0.0
13121;Pomme Granny Smith, pulpe, crue;fruits, légumes, légumineuses et oléagineux;53.9;0.0;11.4;0.0
13192;Pomme Pink lady, pulpe, crue;fruits, légumes, légumineuses et oléagineux;60.1;0.0;12.8;0.0
12042;Pont l'Évêque;produits laitiers et assimilés;326.0;22.7;0.0;26.2
9232;Pop-corn ou Maïs éclaté, au caramel;produits céréaliers;418.0;3.0;85.4;6.5
9231;Pop-corn ou Maïs éclaté, à l'air, non salé;produits céréaliers;417.0;10.2;60.0;12.3
9230;Pop-corn ou Maïs éclaté, à l'huile, salé;produits céréaliers;485.0;11.0;52.6;23.8
25207;Porc au caramel, préemballé;entrées et plats composés;136.0;10.0;11.4;5.4
28470;Porc, bardière découennée, crue;viandes, œufs, poissons et assimilés;744.0;4.51;0.1;80.6
28104;Porc, carré, cru;viandes, œufs, poissons et assimilés;146.0;22.7;0.4;5.94
28105;Porc, carré, cuit;viandes, œufs, poissons et assimilés;206.0;34.1;0.6;7.45
28100;Porc, côte, crue;viandes, œufs, poissons et assimilés;164.0;19.8;0.38;9.3
28101;Porc, côte, grillée;viandes, œufs, poissons et assimilés;211.0;29.6;0.0;10.3
28460;Porc, escalope de jambon, crue;viandes, œufs, poissons et assimilés;129.0;21.5;0.0;4.76
28461;Porc, escalope de jambon, cuite;viandes, œufs, poissons et assimilés;200.0;36.0;0.0;6.2
28204;Porc, filet mignon, cru;viandes, œufs, poissons et assimilés;123.0;21.2;0.4;4.09
28203;Porc, filet mignon, cuit;viandes, œufs, poissons et assimilés;168.0;26.1;0.0;7.1
28201;Porc, filet, maigre, cru;viandes, œufs, poissons et assimilés;117.0;21.2;0.0;3.6
28202;Porc, filet, maigre, en rôti, cuit;viandes, œufs, poissons et assimilés;198.0;28.3;0.0;9.39
28471;Porc, gorge, découennée, crue;viandes, œufs, poissons et assimilés;475.0;11.6;0.14;47.5
28472;Porc, hachage sans jarret, sans bateau, découenné, dégraissé, désossé, cru;viandes, œufs, poissons et assimilés;187.0;18.9;0.23;12.3
28473;Porc, jambon sans jarret, sans bateau, découenné, dégraissé, désossé, cru;viandes, œufs, poissons et assimilés;141.0;20.9;0.28;6.3
28474;Porc, jambonneau arrière, découenné, dégraisssé, désossé, cru;viandes, œufs, poissons et assimilés;148.0;20.2;0.28;7.31
28004;Porc, jarret, cru;viandes, œufs, poissons et assimilés;187.0;19.9;0.0;12.0
28003;Porc, longe, crue;viandes, œufs, poissons et assimilés;175.0;20.8;0.75;9.89
28007;Porc, longe, cuite;viandes, œufs, poissons et assimilés;240.0;27.1;0.0;14.7
28476;Porc, maigre 80/20, cru;viandes, œufs, poissons et assimilés;293.0;17.3;0.26;24.7
28475;Porc, maigre 90/10, cru;viandes, œufs, poissons et assimilés;212.0;18.8;0.24;15.1
28009;Porc, palette, crue;viandes, œufs, poissons et assimilés;208.0;24.8;0.0;12.1
28477;Porc, palette, découennée, dégraissée, désossée, crue;viandes, œufs, poissons et assimilés;174.0;19.9;0.25;10.4
28479;Porc, poitrine cutter, sans mouille, crue;viandes, œufs, poissons et assimilés;323.0;15.9;0.22;28.7
28002;Porc, poitrine, crue;viandes, œufs, poissons et assimilés;253.0;17.0;0.0;20.5
28102;Porc, rouelle de jambon, crue;viandes, œufs, poissons et assimilés;149.0;20.2;0.0;7.56
28103;Porc, rouelle de jambon, cuite;viandes, œufs, poissons et assimilés;266.0;36.9;0.0;13.1
28480;Porc, rôti filet avec chaînette, cru;viandes, œufs, poissons et assimilés;146.0;22.3;0.37;6.2
28300;Porc, rôti, cru;viandes, œufs, poissons et assimilés;153.0;22.3;0.5;6.86
28301;Porc, rôti, cuit;viandes, œufs, poissons et assimilés;163.0;30.5;0.65;4.31
28401;Porc, travers, braisé;viandes, œufs, poissons et assimilés;333.0;23.1;0.13;26.6
28400;Porc, travers, cru;viandes, œufs, poissons et assimilés;237.0;18.0;0.6;18.0
28205;Porc, viande, cuite (aliment moyen);viandes, œufs, poissons et assimilés;205.0;29.1;0.24;9.78
28302;Porc, échine, crue;viandes, œufs, poissons et assimilés;198.0;18.0;0.1;14.0
28451;Porc, échine, rôtie/cuite au four;viandes, œufs, poissons et assimilés;295.0;26.2;0.0;21.2
28001;Porc, épaule, crue;viandes, œufs, poissons et assimilés;178.0;18.9;0.38;11.2
28010;Porc, épaule, cuite;viandes, œufs, poissons et assimilés;253.0;30.0;0.0;14.8
25013;Pot-au-feu, préemballé;entrées et plats composés;77.5;10.9;3.2;2.02
4025;Potatoes ou Wedges ou Quartiers de pommes de terre épicés, surgelées, cuites;fruits, légumes, légumineuses et oléagineux;174.0;3.25;25.3;5.8
20331;Potimarron, pulpe, bouilli/cuit à l'eau;fruits, légumes, légumineuses et oléagineux;38.2;1.06;6.88;0.3
20291;Potimarron, pulpe, cuit à l'étouffée;fruits, légumes, légumineuses et oléagineux;44.8;1.31;7.05;0.5
20332;Potiron, rôti/cuit au four;fruits, légumes, légumineuses et oléagineux;30.2;0.0;5.66;0.0
25071;Potée auvergnate (chou et porc);entrées et plats composés;82.1;6.0;3.7;4.3
18101;Poudre cacaotée ou au chocolat pour boisson, sucrée;eaux et autres boissons;379.0;6.65;75.6;3.29
18168;Poudre cacaotée ou au chocolat pour boisson, sucrée, enrichie en vitamines;eaux et autres boissons;386.0;4.29;85.0;2.04
18167;Poudre cacaotée ou au chocolat sucrée pour boisson, enrichie en vitamines et minéraux;eaux et autres boissons;376.0;4.68;79.3;3.04
42501;Poudre cacaotée pour bébé;aliments infantiles;396.0;8.5;85.0;1.9
36014;Poule, cuisse, crue;viandes, œufs, poissons et assimilés;131.0;19.6;0.0;5.92
36001;Poule, viande ,crue;viandes, œufs, poissons et assimilés;124.0;20.9;0.0;4.51
36000;Poule, viande et peau, crue;viandes, œufs, poissons et assimilés;215.0;17.8;0.4;15.8
36007;Poulet (var. blanc), viande et peau, cru;viandes, œufs, poissons et assimilés;123.0;21.2;0.0;4.3
25174;Poulet au curry et au lait de coco;entrées et plats composés;124.0;10.6;3.15;6.9
25190;Poulet basquaise, préemballé;entrées et plats composés;107.0;9.3;2.5;6.4
36008;Poulet fermier, viande et peau, cru;viandes, œufs, poissons et assimilés;135.0;21.5;0.2;5.4
36020;Poulet éviscéré sans abats, cru;viandes, œufs, poissons et assimilés;210.0;18.6;0.0;15.1
36023;Poulet, aile, viande et peau, cru;viandes, œufs, poissons et assimilés;181.0;20.4;0.0;11.0
36033;Poulet, aile, viande et peau, rôti/cuit au four;viandes, œufs, poissons et assimilés;247.0;23.8;0.0;16.9
36027;Poulet, croquette panée ou nuggets;viandes, œufs, poissons et assimilés;250.0;15.6;19.4;11.6
36031;Poulet, cuisse, viande et peau, bouilli/cuit à l'eau;viandes, œufs, poissons et assimilés;188.0;26.1;0.0;9.1
36002;Poulet, cuisse, viande et peau, cru;viandes, œufs, poissons et assimilés;192.0;17.3;0.0;13.5
36037;Poulet, cuisse, viande et peau, cru, bio;viandes, œufs, poissons et assimilés;193.0;18.1;0.0;13.3
36038;Poulet, cuisse, viande et peau, cru, label rouge;viandes, œufs, poissons et assimilés;173.0;19.1;0.0;10.6
36004;Poulet, cuisse, viande et peau, rôtie/cuite au four;viandes, œufs, poissons et assimilés;213.0;25.9;2.0;11.3
36030;Poulet, cuisse, viande, bouilli/cuit à l'eau;viandes, œufs, poissons et assimilés;188.0;24.8;0.7;9.52
36024;Poulet, cuisse, viande, cru;viandes, œufs, poissons et assimilés;114.0;19.3;0.0;4.05
36006;Poulet, cuisse, viande, rôti/cuit au four;viandes, œufs, poissons et assimilés;171.0;24.8;0.0;8.03
36036;Poulet, escalope panée;viandes, œufs, poissons et assimilés;339.0;7.25;21.7;24.0
36017;Poulet, filet, sans peau, cru;viandes, œufs, poissons et assimilés;110.0;23.4;0.0;1.5
36039;Poulet, filet, sans peau, cru, bio;viandes, œufs, poissons et assimilés;118.0;24.6;0.0;1.8
36040;Poulet, filet, sans peau, cru, label rouge;viandes, œufs, poissons et assimilés;113.0;25.2;0.0;1.0
36018;Poulet, filet, sans peau, sauté/poêlé;viandes, œufs, poissons et assimilés;141.0;30.1;0.0;2.0
36041;Poulet, filet, sans peau, sauté/poêlé, bio;viandes, œufs, poissons et assimilés;144.0;31.1;0.0;1.8
36019;Poulet, haut de cuisse, viande, cru;viandes, œufs, poissons et assimilés;116.0;19.7;0.0;4.12
36035;Poulet, manchons marinés, rôtis/cuits au four;viandes, œufs, poissons et assimilés;213.0;22.4;2.1;12.6
36022;Poulet, pilon, cru;viandes, œufs, poissons et assimilés;155.0;18.4;0.0;9.05
36029;Poulet, poitrine, viande et peau, cru;viandes, œufs, poissons et assimilés;157.0;21.1;0.0;8.08
36032;Poulet, poitrine, viande et peau, rôti/cuit au four;viandes, œufs, poissons et assimilés;189.0;29.8;0.0;7.78
36016;Poulet, viande et peau, cru;viandes, œufs, poissons et assimilés;173.0;20.2;0.3;10.1
36005;Poulet, viande et peau, rôti/cuit au four;viandes, œufs, poissons et assimilés;213.0;28.9;2.1;9.88
36003;Poulet, viande, crue;viandes, œufs, poissons et assimilés;113.0;20.0;0.0;3.73
12839;Pouligny Saint-Pierre (fromage de chèvre);produits laitiers et assimilés;294.0;18.9;0.0;24.5
10018;Poulpe, cru;viandes, œufs, poissons et assimilés;60.1;12.9;0.97;0.5
10079;Poulpe, cuit;viandes, œufs, poissons et assimilés;156.0;29.8;4.4;2.08
20262;Poêlée de légumes assaisonnés sans champignon, surgelée, crue;entrées et plats composés;81.2;2.6;12.1;1.77
25057;Poêlée de pommes de terre préfrites, lardons ou poulet, et autres, sans légumes verts, préemballée;entrées et plats composés;168.0;3.2;16.2;9.6
23472;Profiterole avec glace vanille et sauce chocolat;glaces et sorbets;286.0;5.38;31.4;14.9
23474;Profiteroles (crème pâtissière et sauce chocolat), préemballées;produits laitiers et assimilés;273.0;5.51;34.3;12.2
20591;Protéine de soja texturée, réhydratée;viandes, œufs, poissons et assimilés;150.0;18.6;7.03;2.9
12716;Provolone;produits laitiers et assimilés;340.0;25.6;0.0;26.6
13041;Prune Reine-Claude, crue;fruits, légumes, légumineuses et oléagineux;71.3;0.94;16.4;0.0
13042;Pruneau, sec;fruits, légumes, légumineuses et oléagineux;229.0;1.63;55.4;0.4
25509;Préparation à base de fromage(s) pour fondue savoyarde, préemballée;entrées et plats composés;231.0;16.2;2.6;17.2
13153;"Purée de fruits, tout type de fruits, type ""compote sans sucres ajoutés""";fruits, légumes, légumineuses et oléagineux;58.9;0.0;13.4;0.0
13187;"Purée de pommes, type ""compote sans sucres ajoutés""";fruits, légumes, légumineuses et oléagineux;56.4;1.13;11.7;0.0
23410;Pâte brisée, crue;produits céréaliers;377.0;5.35;43.6;19.5
23412;Pâte brisée, matière grasse végétale, cuite;produits céréaliers;505.0;7.47;58.3;26.4
23414;Pâte brisée, pur beurre, crue;produits céréaliers;384.0;5.77;44.9;19.5
23416;Pâte brisée, pur beurre, cuite;produits céréaliers;497.0;7.58;61.1;23.9
23415;Pâte brisée, pur beurre, surgelée, crue;produits céréaliers;387.0;5.65;43.3;20.7
15201;Pâte d'amande, préemballée;fruits, légumes, légumineuses et oléagineux;432.0;5.8;70.3;13.5
31014;Pâte de fruits;produits sucrés;336.0;1.69;76.6;1.8
23424;Pâte feuilletée pur beurre, crue;produits céréaliers;368.0;5.6;39.7;20.1
23426;Pâte feuilletée pur beurre, cuite;produits céréaliers;509.0;4.61;57.0;28.7
23425;Pâte feuilletée pur beurre, surgelée crue;produits céréaliers;398.0;4.99;35.3;25.8
23422;Pâte feuilletée, cuite;produits céréaliers;531.0;7.19;54.1;31.0
23420;Pâte feuilletée, matière grasse végétale, crue;produits céréaliers;377.0;5.41;41.4;20.4
23421;Pâte feuilletée, surgelée, crue;produits céréaliers;400.0;3.28;33.3;27.4
23445;Pâte phyllo ou Pâte filo, crue;produits céréaliers;289.0;7.1;50.8;6.0
23444;Pâte sablée pur beurre, crue;produits céréaliers;383.0;5.95;53.6;15.8
23448;Pâte sablée pur beurre, cuite;produits céréaliers;469.0;6.2;63.0;20.9
23446;Pâte sablée pur beurre, surgelée, crue;produits céréaliers;423.0;4.9;60.9;17.5
23440;Pâte sablée, crue;produits céréaliers;404.0;5.3;51.0;19.6
23442;Pâte sablée, cuite;produits céréaliers;505.0;5.7;64.4;24.6
37001;Pâte à pizza crue;produits céréaliers;240.0;7.05;44.2;3.45
96778;Pâte à pizza cuite;produits céréaliers;324.0;7.75;55.3;7.1
23402;Pâte à pizza fine, crue;produits céréaliers;279.0;7.71;44.6;7.01
25198;Pâtes en sauce aux fromages (spaghetti, tagliatelles…), préemballées;entrées et plats composés;163.0;7.17;15.9;7.4
25182;Pâtes fraîches farcies (ex : raviolis, tortellinis), au fromage et aux légumes, préemballées, crues;entrées et plats composés;262.0;9.98;41.4;5.69
25155;Pâtes fraîches farcies (ex : raviolis, tortellinis), au fromage et aux légumes, préemballées, cuites;entrées et plats composés;219.0;7.94;27.8;7.5
25203;Pâtes fraîches farcies (ex : raviolis, tortellinis), aux légumes, préemballées, crues;entrées et plats composés;255.0;9.4;41.4;5.06
25193;Pâtes fraîches farcies (ex : raviolis, tortellinis), aux légumes, préemballées, cuites;entrées et plats composés;156.0;5.19;20.9;4.9
25216;Pâtes fraîches farcies (ex : raviolis, tortellinis), cuites (aliment moyen);entrées et plats composés;199.0;7.98;25.7;6.53
25158;Pâtes fraîches farcies (ex : raviolis, tortellinis), à la viande (ex : bolognaise), préemballées, cuites;entrées et plats composés;174.0;6.94;25.1;4.65
25149;Pâtes fraîches farcies (ex : raviolis, tortellinis, ravioles du Dauphiné), au fromage, cuites;entrées et plats composés;226.0;10.0;26.8;8.3
25181;Pâtes fraîches farcies (ex : raviolis, tortellinis, ravioles du Dauphiné), au fromage, préemballées, crues;entrées et plats composés;268.0;11.3;37.3;7.69
25157;Pâtes fraîches farcies (ex : raviolis, totellinis), à la viande (ex : bolognaise), préemballées, crues;entrées et plats composés;265.0;11.4;40.3;5.79
9815;Pâtes fraîches, aux oeufs, crues;produits céréaliers;283.0;10.1;53.8;1.87
9816;Pâtes fraîches, aux oeufs, cuites, non salées;produits céréaliers;168.0;5.76;32.0;1.3
9863;Pâtes ou nouilles asiatiques au blé et aux oeufs, crues, nature;produits céréaliers;371.0;11.9;71.0;3.0
9086;Pâtes ou nouilles asiatiques au blé, cuites, nature, non salées;produits céréaliers;165.0;3.5;21.4;6.9
9810;Pâtes sèches standard, crues;produits céréaliers;336.0;11.5;65.8;1.79
9811;Pâtes sèches standard, cuites, non salées;produits céréaliers;126.0;3.99;25.0;0.55
9870;Pâtes sèches, au blé complet, crues;produits céréaliers;353.0;11.8;67.6;2.2
9871;Pâtes sèches, au blé complet, cuites, non salées;produits céréaliers;128.0;4.55;23.4;0.9
9821;Pâtes sèches, aux oeufs, crues;produits céréaliers;381.0;14.0;68.0;4.72
9822;Pâtes sèches, aux oeufs, cuites, non salées;produits céréaliers;134.0;4.57;23.0;2.0
9874;Pâtes sèches, sans gluten, crues;produits céréaliers;356.0;6.17;79.0;1.24
9824;Pâtes sèches, sans gluten, cuites, non salées;produits céréaliers;163.0;3.09;34.4;1.1
25085;Pâtes à la bolognaise (spaghetti, tagliatelles…);entrées et plats composés;116.0;5.32;13.6;4.07
25135;Pâtes à la carbonara (spaghetti, tagliatelles…);entrées et plats composés;161.0;5.91;14.2;8.7
9876;Pâtes, sans gluten, à base de lentilles corail, cuites à l'eau, non salées;produits céréaliers;168.0;11.7;25.1;0.8
9875;Pâtes, sans gluten, à base de riz et maïs, cuites à l'eau, non salées;produits céréaliers;170.0;3.15;36.6;0.8
8332;Pâté (aliment moyen);viandes, œufs, poissons et assimilés;325.0;13.6;4.61;27.9
8201;Pâté au poivre vert;viandes, œufs, poissons et assimilés;358.0;10.1;1.45;34.6
8214;Pâté breton;viandes, œufs, poissons et assimilés;363.0;11.0;2.88;34.0
8326;Pâté de foie d'oie;viandes, œufs, poissons et assimilés;459.0;11.4;4.67;43.8
8305;Pâté de foie de porc;viandes, œufs, poissons et assimilés;355.0;10.8;2.91;33.3
8300;Pâté de foie de porc, supérieur;viandes, œufs, poissons et assimilés;341.0;13.0;2.4;31.0
8316;Pâté de foie de volaille;viandes, œufs, poissons et assimilés;269.0;13.8;1.96;22.9
8245;Pâté de gibier;viandes, œufs, poissons et assimilés;284.0;15.0;4.0;23.0
8240;Pâté de lapin;viandes, œufs, poissons et assimilés;247.0;16.3;0.0;20.2
8391;Pâté en croûte;viandes, œufs, poissons et assimilés;292.0;11.0;22.9;17.1
8250;Pâté ou terrine aux champignons (forestier);viandes, œufs, poissons et assimilés;329.0;12.6;5.93;28.1
8211;Pâté ou terrine de campagne;viandes, œufs, poissons et assimilés;323.0;15.5;1.5;28.2
12831;Pélardon (fromage de chèvre);produits laitiers et assimilés;343.0;23.8;0.0;27.8
32123;Pétales de blé avec noix, noisettes ou amandes, enrichis en vitamines et minéraux;produits sucrés;386.0;10.3;67.9;6.3
32011;Pétales de blé chocolatés (non enrichis en vitamines et minéraux);produits sucrés;388.0;8.48;80.1;2.64
32009;Pétales de blé chocolatés, enrichis en vitamines et minéraux;produits sucrés;388.0;9.04;77.7;3.24
32107;Pétales de maïs glacés au sucre (non enrichis en vitamines et minéraux);produits sucrés;379.0;4.4;88.0;0.6
32121;Pétales de maïs glacés au sucre, enrichis en vitamines et minéraux;produits sucrés;374.0;5.77;84.7;0.63
32014;Pétales de maïs natures (non enrichis en vitamines et minéraux);produits sucrés;380.0;8.14;82.8;1.05
32005;Pétales de maïs natures, enrichis en vitamines et minéraux;produits sucrés;377.0;7.4;83.2;0.87
10049;Pétoncle ou Peigne du Pérou, noix, crue;viandes, œufs, poissons et assimilés;88.7;17.5;3.1;0.7
13193;Pêche blanche, pulpe et peau, crue;fruits, légumes, légumineuses et oléagineux;47.2;0.69;9.48;0.0
13194;Pêche blanche, pulpe, crue;fruits, légumes, légumineuses et oléagineux;46.1;0.63;9.63;0.0
13195;Pêche jaune, pulpe, crue;fruits, légumes, légumineuses et oléagineux;46.3;0.69;9.8;0.0
39401;Pêche melba;glaces et sorbets;119.0;2.06;18.8;3.62
11056;Quatre épices;aides culinaires et ingrédients divers;348.0;6.09;50.5;8.69
20338;Quenelle au tofu (ne convient pas aux véganes ou végétaliens), préemballée;viandes, œufs, poissons et assimilés;136.0;11.0;4.97;7.2
8933;Quenelle de poisson, crue;viandes, œufs, poissons et assimilés;245.0;8.1;23.6;12.7
8932;Quenelle de poisson, en sauce;viandes, œufs, poissons et assimilés;135.0;3.79;10.5;8.51
8903;Quenelle de veau, en sauce;viandes, œufs, poissons et assimilés;165.0;3.52;15.6;9.5
8910;Quenelle de volaille, crue;viandes, œufs, poissons et assimilés;187.0;9.3;14.1;10.1
8912;Quenelle de volaille, en sauce;viandes, œufs, poissons et assimilés;138.0;3.55;10.3;8.92
8937;Quenelle nature, crue;viandes, œufs, poissons et assimilés;217.0;7.68;14.8;13.7
25405;Quiche lorraine, préemballée;entrées et plats composés;274.0;8.96;21.0;16.8
9341;Quinoa, bouilli/cuit à l'eau, non salé;produits céréaliers;149.0;4.66;27.9;1.1
9340;Quinoa, cru;produits céréaliers;358.0;13.2;58.1;6.07
12749;Raclette (fromage);produits laitiers et assimilés;342.0;23.4;0.0;27.5
20089;Radis noir, cru;fruits, légumes, légumineuses et oléagineux;29.2;0.94;5.52;0.0
20045;Radis rouge, cru;fruits, légumes, légumineuses et oléagineux;14.5;0.94;1.53;0.0
26052;Raie, crue;viandes, œufs, poissons et assimilés;89.9;21.4;0.0;0.47
26073;Raie, cuite au court-bouillon;viandes, œufs, poissons et assimilés;97.8;23.2;0.0;0.57
26031;Raie, rôtie/cuite au four;viandes, œufs, poissons et assimilés;96.3;23.0;0.0;0.5
13044;Raisin blanc, à gros grain (type Italia ou Dattier), cru;fruits, légumes, légumineuses et oléagineux;73.4;0.75;16.6;0.0
13101;Raisin Chasselas, cru;fruits, légumes, légumineuses et oléagineux;79.1;0.75;16.9;0.5
13621;Raisin noir Muscat, cru;fruits, légumes, légumineuses et oléagineux;90.1;0.69;20.0;0.0
13046;Raisin, sec;fruits, légumes, légumineuses et oléagineux;321.0;3.0;73.2;0.9
26063;Rascasse, crue;viandes, œufs, poissons et assimilés;87.6;18.9;0.0;1.33
26148;Rascasse, cuite à la vapeur;viandes, œufs, poissons et assimilés;126.0;24.6;0.0;3.1
25110;Ravioli chinois à la vapeur à la crevette, cuit;entrées et plats composés;190.0;5.5;27.8;5.5
25019;Ravioli à la viande, sauce tomate, appertisé;entrées et plats composés;95.3;4.22;12.5;2.83
25231;Raviolis au tofu, à la sauce tomate, préemballés;entrées et plats composés;91.7;3.13;12.5;2.7
25192;Raviolis aux légumes, sauce tomate, appertisés;entrées et plats composés;91.1;2.88;13.5;2.45
12045;Reblochon;produits laitiers et assimilés;326.0;20.4;0.0;27.4
26162;Requin, cru;viandes, œufs, poissons et assimilés;109.0;20.8;0.0;2.91
1004;Rhum;eaux et autres boissons;256.0;0.0;0.0;0.0
8030;Rillettes d'oie;viandes, œufs, poissons et assimilés;364.0;14.9;0.99;33.4
8026;Rillettes de canard;viandes, œufs, poissons et assimilés;377.0;15.3;1.03;34.6
8059;Rillettes de crabe, préemballées;viandes, œufs, poissons et assimilés;192.0;12.2;3.5;13.6
8083;Rillettes de maquereau, préemballées;viandes, œufs, poissons et assimilés;246.0;11.0;1.0;22.0
8080;Rillettes de poisson, préemballées;viandes, œufs, poissons et assimilés;243.0;13.9;0.3;20.7
8040;Rillettes de poulet;viandes, œufs, poissons et assimilés;340.0;16.4;0.49;30.3
8081;Rillettes de saumon, préemballées;viandes, œufs, poissons et assimilés;237.0;15.1;2.0;18.4
8082;Rillettes de thon, préemballées;viandes, œufs, poissons et assimilés;199.0;16.4;1.65;13.8
8010;Rillettes de Tours;viandes, œufs, poissons et assimilés;522.0;18.0;0.0;50.0
8015;Rillettes du Mans;viandes, œufs, poissons et assimilés;420.0;15.6;4.7;37.6
8025;Rillettes pur oie;viandes, œufs, poissons et assimilés;417.0;14.7;0.0;39.8
8001;Rillettes pur porc;viandes, œufs, poissons et assimilés;414.0;16.7;0.13;38.3
8000;Rillettes traditionnelles de porc;viandes, œufs, poissons et assimilés;390.0;14.3;0.2;36.9
40302;Ris, agneau, cru;viandes, œufs, poissons et assimilés;122.0;14.6;0.0;7.04
40303;Ris, agneau, cuit;viandes, œufs, poissons et assimilés;227.0;22.8;0.0;15.1
40305;Ris, veau, braisé ou sauté/poêlé;viandes, œufs, poissons et assimilés;136.0;21.0;0.0;5.8
40304;Ris, veau, cru;viandes, œufs, poissons et assimilés;96.6;17.4;0.0;3.02
25189;Risotto, aux fromages, préemballé;entrées et plats composés;195.0;5.65;30.9;5.16
25188;Risotto, aux fruits de mer, préemballé;entrées et plats composés;130.0;5.47;12.5;6.07
25187;Risotto, aux légumes, préemballé;entrées et plats composés;120.0;2.74;18.4;3.8
39212;Riz au lait, rayon frais;produits laitiers et assimilés;126.0;3.34;21.4;3.01
9125;Riz basmati, cuit, non salé;produits céréaliers;117.0;2.74;24.4;0.6
9101;Riz blanc étuvé, cru;produits céréaliers;356.0;7.11;78.6;0.98
9105;Riz blanc étuvé, cuit, non salé;produits céréaliers;146.0;2.95;31.7;0.56
25185;Riz blanc, avec légumes et viande, préemballé, cuit;entrées et plats composés;167.0;4.61;28.3;3.57
25184;Riz blanc, avec poulet, préemballé, cuit;entrées et plats composés;175.0;4.23;31.5;3.19
9100;Riz blanc, cru;produits céréaliers;352.0;7.04;78.0;0.91
9104;Riz blanc, cuit, non salé;produits céréaliers;145.0;2.92;31.8;0.41
25088;Riz cantonais;entrées et plats composés;164.0;5.46;23.6;4.94
9102;Riz complet, cru;produits céréaliers;350.0;7.02;71.4;2.8
9103;Riz complet, cuit, non salé;produits céréaliers;158.0;3.21;32.6;1.0
9109;Riz rouge, cru;produits céréaliers;352.0;7.97;70.6;3.0
9110;Riz rouge, cuit, non salé;produits céréaliers;141.0;3.45;28.2;0.69
9108;Riz sauvage, cru;produits céréaliers;344.0;11.1;69.2;0.94
9111;Riz sauvage, cuit, non salé;produits céréaliers;102.0;3.8;19.7;0.34
32012;Riz soufflé chocolaté (non enrichi en vitamines et minéraux);produits sucrés;388.0;6.01;84.2;2.2
32131;Riz soufflé chocolaté, enrichi en vitamines et minéraux;produits sucrés;390.0;6.22;83.2;2.82
32006;Riz soufflé nature, enrichi en vitamines et minéraux;produits sucrés;391.0;6.66;87.0;1.5
9119;Riz thaï ou basmati, cru;produits céréaliers;353.0;7.67;77.8;0.84
9124;Riz thaï, cuit, non salé;produits céréaliers;143.0;2.92;30.5;0.7
9121;Riz, mélange de variétés (blanc, complet, rouge, sauvage, etc.), cru;produits céréaliers;355.0;7.14;78.1;1.0
12847;Rocamadour (fromage de chèvre);produits laitiers et assimilés;274.0;17.9;0.0;22.6
40406;Rognon, agneau, braisé;viandes, œufs, poissons et assimilés;127.0;23.7;0.0;3.62
40407;Rognon, agneau, cru;viandes, œufs, poissons et assimilés;94.1;14.7;1.13;3.43
40402;Rognon, boeuf, cru;viandes, œufs, poissons et assimilés;95.9;17.1;0.9;2.65
40403;Rognon, boeuf, cuit;viandes, œufs, poissons et assimilés;171.0;27.0;0.0;7.0
40401;Rognon, cuit (aliment moyen);viandes, œufs, poissons et assimilés;161.0;26.1;0.0;6.31
40404;Rognon, porc, cru;viandes, œufs, poissons et assimilés;97.9;16.4;1.1;3.13
40405;Rognon, porc, cuit;viandes, œufs, poissons et assimilés;144.0;25.4;0.0;4.7
40408;Rognon, veau, braisé ou sauté/poêlé;viandes, œufs, poissons et assimilés;167.0;26.0;0.0;7.0
40409;Rognon, veau, cru;viandes, œufs, poissons et assimilés;86.1;16.0;0.2;2.36
11068;Romarin, frais;aides culinaires et ingrédients divers;121.0;3.31;6.6;5.86
11036;Romarin, séché;aides culinaires et ingrédients divers;328.0;4.88;21.5;15.2
28917;Rond de jambon cuit;viandes, œufs, poissons et assimilés;182.0;20.3;1.4;10.6
12500;Roquefort;produits laitiers et assimilés;384.0;19.5;0.0;33.9
30304;Rosette ou Fuseau;viandes, œufs, poissons et assimilés;380.0;24.2;1.79;30.7
4039;Rostis ou Galette de pomme de terre;fruits, légumes, légumineuses et oléagineux;182.0;2.38;22.5;8.3
26085;Rouget-barbet de roche, cru;viandes, œufs, poissons et assimilés;158.0;18.4;0.0;9.37
26110;Rouget-barbet de roche, vapeur;viandes, œufs, poissons et assimilés;143.0;24.1;0.0;5.2
26244;Rouget-barbet, filet avec peau, surgelé, cru (Thaïlande, Sénégal…);viandes, œufs, poissons et assimilés;96.7;16.3;0.0;3.5
8373;Roulade de porc pistachée;viandes, œufs, poissons et assimilés;258.0;17.7;0.7;20.2
25419;Rouleau de printemps;entrées et plats composés;103.0;4.57;16.6;1.82
26074;Roussette ou petite roussette ou saumonette, crue;viandes, œufs, poissons et assimilés;97.8;23.3;0.0;0.5
26033;Roussette ou petite roussette ou saumonette, cuite;viandes, œufs, poissons et assimilés;256.0;25.4;0.0;17.2
28976;Rôti de volaille en salaison, cuit;viandes, œufs, poissons et assimilés;110.0;22.0;1.28;1.73
26153;Sabre, cru;viandes, œufs, poissons et assimilés;125.0;18.0;0.0;5.9
11039;Safran;aides culinaires et ingrédients divers;352.0;11.4;61.5;5.85
16520;Saindoux;matières grasses;896.0;0.0;0.0;99.5
12052;Saint-Félicien;produits laitiers et assimilés;281.0;13.4;0.0;25.2
12049;Saint-Marcellin;produits laitiers et assimilés;280.0;15.1;0.0;24.3
12751;Saint-Nectaire, fermier;produits laitiers et assimilés;355.0;22.3;0.0;29.8
12748;Saint-Nectaire, laitier;produits laitiers et assimilés;332.0;22.8;0.0;27.0
12752;Saint-Nectaire, sans précision;produits laitiers et assimilés;344.0;22.5;0.0;28.4
12755;Saint-Paulin (fromage à pâte pressée non cuite demi-ferme);produits laitiers et assimilés;327.0;22.3;0.0;26.4
26104;Saint-Pierre, cru;viandes, œufs, poissons et assimilés;86.7;19.9;0.0;0.8
12842;Sainte-Maure (fromage de chèvre);produits laitiers et assimilés;357.0;22.1;0.0;30.0
12807;Sainte-Maure de Touraine (fromage de chèvre);produits laitiers et assimilés;294.0;19.6;0.0;24.2
1026;Saké ou Alcool de riz;eaux et autres boissons;133.0;0.0;5.0;0.0
26259;Salade de chou ou Coleslaw, avec sauce, préemballée;entrées et plats composés;105.0;0.94;5.78;8.1
25609;Salade de pomme de terre à la piémontaise, préemballée;entrées et plats composés;130.0;4.5;8.87;8.3
20295;Salade feuille de chêne, crue;fruits, légumes, légumineuses et oléagineux;14.3;1.13;1.03;0.0
20288;Salade sucrine, crue;fruits, légumes, légumineuses et oléagineux;17.9;1.13;2.58;0.0
25629;Salade végétale à base de boulgour et/ou quinoa et légumes, préemballée;entrées et plats composés;168.0;3.79;17.4;8.3
30350;Salami;viandes, œufs, poissons et assimilés;451.0;17.7;1.05;41.8
30352;Salami porc et boeuf;viandes, œufs, poissons et assimilés;351.0;21.5;1.56;28.8
30351;Salami pur porc;viandes, œufs, poissons et assimilés;400.0;22.6;1.6;33.7
30366;Salami type danois;viandes, œufs, poissons et assimilés;459.0;17.0;1.35;42.9
12725;Salers;produits laitiers et assimilés;388.0;25.9;0.0;31.4
20333;Salsifis, bouilli/cuit à l'eau;fruits, légumes, légumineuses et oléagineux;57.9;2.63;9.29;0.0
25108;Samossa ou Samoussa, préemballé, cuit;entrées et plats composés;230.0;9.33;16.5;13.7
27024;Sandre, cru;viandes, œufs, poissons et assimilés;82.9;18.3;0.0;1.08
25522;Sandwich (aliment moyen);entrées et plats composés;243.0;14.2;27.2;8.35
25543;Sandwich baguette (aliment moyen);entrées et plats composés;277.0;11.2;31.4;11.6
25518;Sandwich baguette, camembert, beurre;entrées et plats composés;339.0;11.9;34.3;16.7
25530;Sandwich baguette, crudités diverses, mayonnaise;entrées et plats composés;221.0;6.54;30.0;7.9
25531;Sandwich baguette, dinde, crudités (tomate, salade), mayonnaise;entrées et plats composés;255.0;12.4;30.6;8.82
25485;Sandwich baguette, jambon emmental, préemballé;entrées et plats composés;285.0;13.3;26.9;13.1
25517;Sandwich baguette, jambon, beurre;entrées et plats composés;285.0;9.93;33.7;11.5
25521;Sandwich baguette, jambon, emmental, beurre;entrées et plats composés;286.0;12.2;32.7;10.9
25475;Sandwich baguette, jambon, oeuf dur, crudités (tomate, salade), beurre;entrées et plats composés;222.0;10.1;30.9;5.98
25535;Sandwich baguette, merguez, ketchup moutarde;entrées et plats composés;282.0;13.1;31.0;11.4
25532;Sandwich baguette, oeuf, crudités (tomate, salade), mayonnaise;entrées et plats composés;247.0;8.52;30.9;9.47
25533;Sandwich baguette, porc, crudités (tomate, salade), mayonnaise;entrées et plats composés;267.0;12.0;30.1;10.6
25476;Sandwich baguette, poulet, crudités (tomate, salade), mayonnaise;entrées et plats composés;247.0;10.0;36.3;6.35
25519;Sandwich baguette, pâté, cornichons;entrées et plats composés;298.0;10.1;32.1;13.9
25536;Sandwich baguette, salami, beurre;entrées et plats composés;379.0;12.5;33.2;21.4
25520;Sandwich baguette, saucisson, beurre;entrées et plats composés;383.0;13.7;32.0;21.6
25488;Sandwich baguette, saumon fumé, beurre;entrées et plats composés;265.0;11.5;40.8;5.6
25431;Sandwich baguette, thon, crudités (tomate, salade), mayonnaise;entrées et plats composés;274.0;10.3;32.0;11.3
25490;Sandwich baguette, thon, maïs, crudités, préemballé;entrées et plats composés;198.0;8.87;25.0;6.03
25429;Sandwich grec ou Kebab, baguette, crudités;entrées et plats composés;246.0;15.0;23.6;9.8
25428;Sandwich grec ou Kebab, pita, crudités;entrées et plats composés;233.0;15.2;17.4;10.9
25574;Sandwich pain de mie complet, jambon, crudités, fromage optionnel, préemballé;entrées et plats composés;243.0;10.0;23.1;11.6
25576;Sandwich pain de mie complet, jambon, fromage, préemballé;entrées et plats composés;292.0;12.9;26.1;14.6
25577;Sandwich pain de mie complet, poulet, crudités, mayonnaise, préemballé;entrées et plats composés;232.0;9.18;23.7;10.4
25575;Sandwich pain de mie complet, thon, crudités, mayonnaise, préemballé;entrées et plats composés;240.0;9.82;23.1;11.3
25544;Sandwich pain de mie, garnitures diverses, préemballé;entrées et plats composés;267.0;11.7;25.1;12.4
25434;Sandwich panini, jambon cru, mozzarella, tomates;entrées et plats composés;243.0;14.2;27.2;8.35
40600;Sang, boeuf, cru;viandes, œufs, poissons et assimilés;82.1;19.5;0.8;0.12
14002;Sanglier, cru;viandes, œufs, poissons et assimilés;147.0;20.7;0.0;7.13
14003;Sanglier, rôti/cuit au four;viandes, œufs, poissons et assimilés;153.0;28.3;0.0;4.38
26065;Sardine, crue;viandes, œufs, poissons et assimilés;163.0;19.5;0.0;9.48
26231;Sardine, filets sans arêtes à l'huile d'olive, appertisés, égouttés;viandes, œufs, poissons et assimilés;213.0;21.5;0.62;13.9
26136;Sardine, grillée;viandes, œufs, poissons et assimilés;194.0;25.1;0.0;10.4
26035;Sardine, sauce tomate, appertisée, égouttée;viandes, œufs, poissons et assimilés;193.0;20.2;1.38;11.6
26040;Sardine, à l'huile d'olive, appertisée, égouttée;viandes, œufs, poissons et assimilés;202.0;24.3;1.06;11.2
26034;Sardine, à l'huile, appertisée, égouttée;viandes, œufs, poissons et assimilés;207.0;24.4;0.49;12.0
9380;Sarrasin entier, cru;produits céréaliers;356.0;12.9;64.6;3.55
11062;Sarriette, séchée;aides culinaires et ingrédients divers;264.0;6.73;23.0;5.91
11300;Sauce au chocolat, préemballée;aides culinaires et ingrédients divers;277.0;3.8;26.2;16.8
11132;Sauce au curry, préemballée;aides culinaires et ingrédients divers;77.4;1.02;10.6;3.16
11100;Sauce barbecue, préemballée;aides culinaires et ingrédients divers;136.0;0.56;30.3;0.6
11170;Sauce basquaise ou Sauce aux poivrons, préemballée;aides culinaires et ingrédients divers;63.1;1.17;7.41;2.71
11194;Sauce Nuoc Mâm ou Sauce au poisson, préemballée;aides culinaires et ingrédients divers;81.2;9.3;10.9;0.0
11179;Sauce pesto, préemballée;aides culinaires et ingrédients divers;370.0;3.94;6.6;35.4
11217;Sauce pour nems à base de nuoc-mam dilué, préemballée;aides culinaires et ingrédients divers;135.0;1.38;31.2;0.0
11104;Sauce soja, préemballée;aides culinaires et ingrédients divers;45.5;7.08;3.64;0.1
11219;Sauce végétale type bolognaise, préemballée;aides culinaires et ingrédients divers;68.0;3.56;5.05;3.0
30780;Saucisse (aliment moyen);viandes, œufs, poissons et assimilés;281.0;17.3;0.88;23.0
30746;Saucisse cocktail;viandes, œufs, poissons et assimilés;290.0;12.7;1.46;25.9
30176;Saucisse de foie;viandes, œufs, poissons et assimilés;374.0;11.7;0.9;35.9
30134;Saucisse de Francfort;viandes, œufs, poissons et assimilés;271.0;13.7;1.24;23.4
30764;Saucisse de jambon pur porc;viandes, œufs, poissons et assimilés;224.0;15.7;1.0;17.5
30105;Saucisse de Montbéliard;viandes, œufs, poissons et assimilés;319.0;17.3;1.0;27.3
30104;Saucisse de Morteau;viandes, œufs, poissons et assimilés;397.0;16.0;1.0;36.6
30108;Saucisse de Morteau, bouillie/cuite à l'eau;viandes, œufs, poissons et assimilés;323.0;15.2;0.0;29.1
30742;Saucisse de Strasbourg ou Knack;viandes, œufs, poissons et assimilés;291.0;12.4;1.39;25.9
30110;Saucisse de Toulouse, crue;viandes, œufs, poissons et assimilés;327.0;13.2;1.0;30.0
30011;Saucisse de Toulouse, cuite;viandes, œufs, poissons et assimilés;274.0;18.8;0.0;22.1
30130;Saucisse de volaille, façon charcutière;viandes, œufs, poissons et assimilés;231.0;16.8;1.19;17.7
30131;Saucisse de volaille, type Knack;viandes, œufs, poissons et assimilés;236.0;14.0;1.82;18.9
30309;Saucisse sèche;viandes, œufs, poissons et assimilés;451.0;27.3;1.7;37.1
25232;Saucisse végétale au blé ou seitan, préemballé;viandes, œufs, poissons et assimilés;250.0;27.1;7.53;10.5
20337;Saucisse végétale au tofu (convient aux véganes ou végétaliens), préemballée;viandes, œufs, poissons et assimilés;231.0;13.4;5.69;16.3
30707;Saucisson brioché, cuit;viandes, œufs, poissons et assimilés;309.0;14.7;22.6;17.4
30701;Saucisson cuit pur porc;viandes, œufs, poissons et assimilés;322.0;13.8;1.3;29.0
30705;Saucisson de Paris;viandes, œufs, poissons et assimilés;346.0;12.5;0.6;32.7
30706;Saucisson de Paris, fumé;viandes, œufs, poissons et assimilés;288.0;13.7;0.6;25.6
30300;Saucisson sec;viandes, œufs, poissons et assimilés;418.0;24.2;2.41;34.5
30311;Saucisson sec aux noix et/ou noisettes;viandes, œufs, poissons et assimilés;477.0;27.7;1.78;39.7
30301;Saucisson sec pur porc;viandes, œufs, poissons et assimilés;417.0;28.7;1.79;32.3
30302;Saucisson sec pur porc, qualité supérieure;viandes, œufs, poissons et assimilés;366.0;27.7;1.65;27.6
30700;Saucisson à l'ail;viandes, œufs, poissons et assimilés;280.0;15.0;1.63;23.6
11069;Sauge, fraîche;aides culinaires et ingrédients divers;36.7;4.0;0.97;0.0
11037;Sauge, séchée;aides culinaires et ingrédients divers;320.0;10.6;20.4;12.8
25210;Saumon farci, préemballé;entrées et plats composés;227.0;18.8;0.4;16.2
26037;Saumon fumé;viandes, œufs, poissons et assimilés;178.0;22.0;0.91;9.49
25077;Saumon à l'oseille, préemballé;entrées et plats composés;133.0;8.36;7.43;7.65
26119;Saumon, appertisé, égoutté;viandes, œufs, poissons et assimilés;180.0;20.5;1.5;10.2
26217;Saumon, bouilli/cuit à l'eau, élevage;viandes, œufs, poissons et assimilés;193.0;25.0;0.0;10.3
26161;Saumon, cru, sauvage;viandes, œufs, poissons et assimilés;166.0;21.0;0.0;9.17
26036;Saumon, cru, élevage;viandes, œufs, poissons et assimilés;194.0;20.5;0.0;12.4
26211;Saumon, cuit au micro-ondes, élevage;viandes, œufs, poissons et assimilés;200.0;24.2;0.0;11.4
26038;Saumon, cuit à la vapeur;viandes, œufs, poissons et assimilés;195.0;23.0;0.0;11.5
25996;Saumon, cuit, sans précision (aliment moyen);viandes, œufs, poissons et assimilés;205.0;23.0;0.0;12.5
26229;Saumon, grillé/poêlé;viandes, œufs, poissons et assimilés;223.0;25.5;0.0;13.5
26230;Saumon, élevage, rôti/cuit au four;viandes, œufs, poissons et assimilés;210.0;22.1;0.0;13.5
26111;Saupe, crue;viandes, œufs, poissons et assimilés;94.5;18.0;0.0;2.5
10016;Seiche, crue;viandes, œufs, poissons et assimilés;76.3;16.2;0.51;1.05
9390;Seigle entier, cru;produits céréaliers;334.0;9.83;61.0;1.97
25598;Seitan, préemballé;viandes, œufs, poissons et assimilés;134.0;20.6;6.74;2.5
11044;Sel au céleri;aides culinaires et ingrédients divers;49.0;1.81;4.14;2.53
11096;Sel blanc alimentaire, iodé, fluoré à 25 mg /100 g (marin, ignigène ou gemme);aides culinaires et ingrédients divers;0.0;0.0;0.0;0.0
11058;Sel blanc alimentaire, iodé, non fluoré (marin, ignigène ou gemme);aides culinaires et ingrédients divers;0.0;0.0;0.0;0.0
11017;Sel blanc alimentaire, non iodé, non fluoré (marin, ignigène ou gemme);aides culinaires et ingrédients divers;0.0;0.0;0.0;0.0
11083;Sel marin gris, non iodé, non fluoré;aides culinaires et ingrédients divers;0.0;0.0;0.0;0.0
12845;Selles-sur-Cher (fromage de chèvre);produits laitiers et assimilés;291.0;19.2;0.0;23.9
39218;Semoule au lait, rayon frais;produits laitiers et assimilés;121.0;3.46;19.4;3.23
9610;Semoule de blé dur, crue;produits céréaliers;352.0;10.9;71.6;1.25
9611;Semoule de blé dur, cuite, non salée;produits céréaliers;122.0;3.42;24.0;0.8
20924;Sirop léger pour poire appertisée;aides culinaires et ingrédients divers;60.7;0.0;14.6;0.0
18017;Sirop à diluer, sucré;eaux et autres boissons;255.0;0.0;62.6;0.0
20901;Soja, graine entière;fruits, légumes, légumineuses et oléagineux;432.0;34.5;20.8;19.2
26200;Sole tropicale ou Sole langue, crue;viandes, œufs, poissons et assimilés;68.2;15.7;0.0;0.58
26061;Sole, bouillie/cuite à l'eau;viandes, œufs, poissons et assimilés;69.0;15.0;0.0;1.0
26058;Sole, crue;viandes, œufs, poissons et assimilés;77.3;18.0;0.0;0.6
26059;Sole, cuite à la vapeur;viandes, œufs, poissons et assimilés;94.6;20.3;0.0;1.48
26062;Sole, frite;viandes, œufs, poissons et assimilés;72.2;15.8;0.0;1.0
26248;Sole, poêlée;viandes, œufs, poissons et assimilés;96.7;23.6;0.0;0.0
26060;Sole, rôtie/cuite au four;viandes, œufs, poissons et assimilés;78.2;15.7;0.0;1.69
9647;Son (aliment moyen);aides culinaires et ingrédients divers;344.0;15.7;46.0;6.09
9640;Son d'avoine;aides culinaires et ingrédients divers;359.0;15.8;51.0;6.48
9621;Son de blé;aides culinaires et ingrédients divers;279.0;15.4;23.6;4.35
9641;Son de maïs;aides culinaires et ingrédients divers;226.0;8.36;6.65;0.92
9643;Son de riz;aides culinaires et ingrédients divers;398.0;13.9;28.1;20.9
9360;Sorgho entier, cru;produits céréaliers;349.0;10.6;65.4;3.46
25020;Soufflé au fromage;entrées et plats composés;184.0;12.9;3.8;12.6
25969;Soupe (aliment moyen);entrées et plats composés;37.4;1.27;4.5;1.37
25923;Soupe asiatique, avec pâtes, déshydratée reconstituée;entrées et plats composés;29.8;0.97;5.25;0.44
25955;Soupe asiatique, avec pâtes, préemballée à réchauffer;entrées et plats composés;22.3;0.7;3.4;0.5
25957;Soupe au cresson, déshydratée reconstituée;entrées et plats composés;25.1;0.42;3.95;0.8
25958;Soupe au cresson, préemballée à réchauffer;entrées et plats composés;34.0;1.0;5.4;0.8
25917;Soupe au pistou, déshydratée reconstituée;entrées et plats composés;30.4;1.2;5.2;0.35
25953;Soupe au pistou, préemballée à réchauffer;entrées et plats composés;31.9;2.0;4.1;0.5
25954;Soupe au potiron, déshydratée reconstituée;entrées et plats composés;38.3;0.79;5.61;1.24
25945;Soupe au potiron, préemballée à réchauffer;entrées et plats composés;35.9;0.67;4.13;1.56
25932;Soupe aux asperges, déshydratée reconstituée;entrées et plats composés;35.3;0.6;5.14;1.31
25968;Soupe aux asperges, préemballée à réchauffer;entrées et plats composés;133.0;4.6;4.7;10.4
25936;Soupe aux champignons, déshydratée reconstituée;entrées et plats composés;37.8;0.65;4.37;1.79
25912;Soupe aux champignons, préemballée à réchauffer;entrées et plats composés;48.2;0.81;4.09;3.07
25934;Soupe aux céréales et aux légumes, déshydratée reconstituée;entrées et plats composés;47.8;1.4;6.8;1.4
25900;Soupe aux lentilles, préemballée à réchauffer;entrées et plats composés;55.0;3.74;6.6;1.12
25962;Soupe aux légumes avec fromage, préemballée à réchauffer;entrées et plats composés;50.2;1.34;5.09;2.51
25905;Soupe aux légumes variés, déshydratée reconstituée;entrées et plats composés;34.5;0.86;4.43;1.22
25903;Soupe aux légumes variés, préemballée à réchauffer;entrées et plats composés;39.4;0.76;5.05;1.56
25964;Soupe aux légumes verts, déshydratée reconstituée;entrées et plats composés;34.8;0.72;5.31;1.07
25963;Soupe aux légumes verts, préemballée à réchauffer;entrées et plats composés;33.4;1.0;3.84;1.32
25925;Soupe aux poireaux et pommes de terre, déshydratée reconstituée;entrées et plats composés;26.1;0.63;4.84;0.41
25907;Soupe aux poireaux et pommes de terre, préemballée à réchauffer;entrées et plats composés;37.1;0.79;4.46;1.51
25965;Soupe aux pois cassés, préemballée à réchauffer;entrées et plats composés;56.7;2.68;6.25;1.98
25915;Soupe chorba frik, à base de viande et de frik;entrées et plats composés;62.9;3.75;5.4;2.5
25919;Soupe de poissons et / ou crustacés, déshydratée reconstituée;entrées et plats composés;29.0;0.91;5.09;0.5
25904;Soupe de poissons et / ou crustacés, préemballée à réchauffer;entrées et plats composés;42.8;3.45;2.88;1.79
25967;Soupe froide type Gaspacho ou Gazpacho, préemballée;entrées et plats composés;32.8;0.65;3.38;1.62
25924;Soupe marocaine, déshydratée reconstituée;entrées et plats composés;34.3;1.2;5.77;0.55
25956;Soupe minestrone, déshydratée reconstituée;entrées et plats composés;31.3;1.14;5.53;0.34
25916;Soupe minestrone, préemballée à réchauffer;entrées et plats composés;48.8;1.2;5.6;2.0
25972;Soupe miso, déshydratée reconstituée;entrées et plats composés;17.1;1.38;2.18;0.0
20252;Soupe pour bébé légumes et pomme de terre;aliments infantiles;38.5;1.0;5.88;0.91
20253;Soupe pour bébé légumes, céréales et lait;aliments infantiles;59.5;1.5;7.19;2.5
25942;Soupe à l'oignon, déshydratée reconstituée;entrées et plats composés;24.0;0.58;4.37;0.4
25910;Soupe à l'oignon, préemballée à réchauffer;entrées et plats composés;40.4;1.35;4.93;1.4
25913;Soupe à la carotte, préemballée à réchauffer;entrées et plats composés;33.2;0.61;3.89;1.41
25949;Soupe à la tomate et aux vermicelles, déshydratée reconstituée;entrées et plats composés;21.6;0.63;4.21;0.18
25933;Soupe à la tomate et aux vermicelles, préemballée à réchauffer;entrées et plats composés;37.7;1.1;5.87;0.8
25935;Soupe à la tomate, déshydratée reconstituée;entrées et plats composés;36.2;0.76;5.79;0.97
25914;Soupe à la tomate, préemballée à réchauffer;entrées et plats composés;38.7;0.74;6.27;0.99
25928;Soupe à la volaille et aux légumes, déshydratée reconstituée;entrées et plats composés;27.3;0.99;4.58;0.44
25901;Soupe à la volaille et aux légumes, préemballée à réchauffer;entrées et plats composés;30.8;3.09;2.6;0.8
25950;Soupe à la volaille et aux vermicelles, déshydratée reconstituée;entrées et plats composés;21.3;0.75;3.87;0.25
25908;Soupe à la volaille et aux vermicelles, préemballée à réchauffer;entrées et plats composés;30.8;1.3;3.86;1.0
26173;Sprat, cru;viandes, œufs, poissons et assimilés;186.0;19.8;0.0;11.9
25169;Spécialité chinoise type bouchée à la vapeur, préemballée, cuite;entrées et plats composés;149.0;5.9;28.0;1.4
12315;Spécialité fromagère non affinée environ 25% MG, type fromage en barquette à tartiner ou coque fromagère;produits laitiers et assimilés;255.0;5.36;4.24;23.9
19530;Spécialité fromagère non affinée à tartiner environ 30-40 % MG aromatisée (ex: ail et fines herbes);produits laitiers et assimilés;366.0;7.66;4.24;35.3
19669;Spécialité laitière type encas, riche en protéines, sur lit de fruits, sucrée;produits laitiers et assimilés;98.3;7.46;11.5;2.29
1029;Spécialité végétale type fromage en tranche ou râpé, sans soja, préemballée;produits laitiers et assimilés;272.0;0.0;21.2;20.1
1027;Spécialité végétale type fromage à tartiner, au soja, préemballée;produits laitiers et assimilés;175.0;11.7;1.05;13.1
1028;Spécialité végétale type fromage, à la noix de cajou, préemballée;produits laitiers et assimilés;441.0;14.5;15.2;35.3
1030;Spécialité végétale type jambon cuit, préemballée;viandes, œufs, poissons et assimilés;242.0;29.7;4.13;11.1
1031;Spécialité végétale type pâté, préemballée;viandes, œufs, poissons et assimilés;197.0;3.56;9.45;15.4
19433;Spécialité à base de crème légère 8% MG, fluide ou épaisse;produits laitiers et assimilés;76.2;3.25;5.28;4.3
42000;Substitut de repas hypocalorique, crème dessert;aides culinaires et ingrédients divers;96.8;6.43;11.1;2.75
42004;Substitut de repas hypocalorique, poudre reconstituée avec lait écrémé;aides culinaires et ingrédients divers;82.0;6.09;10.1;1.73
42005;Substitut de repas hypocalorique, poudre reconstituée avec lait écrémé, type milk-shake;aides culinaires et ingrédients divers;87.0;6.19;10.2;2.28
42003;Substitut de repas hypocalorique, prêt à boire;aides culinaires et ingrédients divers;90.6;6.79;10.4;2.45
26046;Surimi, bâtonnets, tranche ou râpé saveur crabe;viandes, œufs, poissons et assimilés;125.0;8.31;11.8;4.92
26239;Surimi, fourré au fromage;viandes, œufs, poissons et assimilés;149.0;6.6;9.24;9.3
25456;Sushi ou Maki aux produits de la mer;entrées et plats composés;171.0;6.69;26.9;3.7
26210;Sébaste du nord, ou grand sébaste, ou dorade sébaste, ou daurade sébaste, crue;viandes, œufs, poissons et assimilés;89.5;18.8;0.0;1.6
25608;Taboulé ou Salade de couscous, préemballé;entrées et plats composés;179.0;4.88;23.7;6.7
26133;Tacaud, cru;viandes, œufs, poissons et assimilés;81.6;19.7;0.0;0.33
25159;Tajine de mouton;entrées et plats composés;132.0;12.8;4.5;6.83
25204;Tajine de poulet, préemballé;entrées et plats composés;127.0;7.54;14.4;3.7
4000;Tapioca ou Perles du Japon, cru;fruits, légumes, légumineuses et oléagineux;354.0;0.19;87.8;0.02
8293;Tarama, préemballé;viandes, œufs, poissons et assimilés;534.0;6.75;3.19;54.8
53200;Taro, tubercule, cru;fruits, légumes, légumineuses et oléagineux;107.0;1.5;22.8;0.2
53201;Taro, tubercule, cuit;fruits, légumes, légumineuses et oléagineux;131.0;0.52;29.5;0.11
25444;Tarte au fromage, préemballée;entrées et plats composés;289.0;10.3;20.7;18.0
25623;Tarte au maroilles ou Flamiche au maroilles, préemballée;entrées et plats composés;315.0;14.1;22.1;18.3
25555;Tarte au saumon, préemballée;entrées et plats composés;215.0;8.53;21.0;10.5
25417;Tarte aux légumes, préemballée;entrées et plats composés;216.0;5.0;21.8;11.7
25564;Tarte aux noix de Saint-Jacques, préemballée;entrées et plats composés;266.0;8.25;24.2;14.5
23481;Tarte normande aux pommes (garniture farine, oeufs, crème, sucre, calvados);produits sucrés;313.0;4.44;38.7;15.0
25573;Tarte ou quiche salée (aliment moyen);entrées et plats composés;267.0;8.11;22.7;15.6
25553;Tarte ou Tourte aux poireaux, préemballée;entrées et plats composés;243.0;5.76;21.6;14.3
25529;Tarte à l'oignon, préemballée;entrées et plats composés;280.0;7.0;23.5;17.2
25454;Tarte à la provençale, préemballée;entrées et plats composés;241.0;5.5;20.0;14.3
25561;Tarte à la tomate, préemballée;entrées et plats composés;218.0;5.17;19.3;12.8
26267;Tarte épinard chèvre, préemballée;entrées et plats composés;244.0;7.08;22.2;13.6
25137;Tartiflette, préemballée;entrées et plats composés;161.0;6.0;13.5;8.9
7410;Tartine craquante, extrudée et grillée;produits céréaliers;379.0;9.97;73.7;3.57
20917;Tempeh;entrées et plats composés;157.0;16.1;7.89;4.7
8232;Terrine de canard;viandes, œufs, poissons et assimilés;320.0;13.2;4.44;27.1
8292;Terrine de fruits de mer, avec ou sans poisson, préemballée;viandes, œufs, poissons et assimilés;188.0;8.4;6.5;14.0
8242;Terrine de lapin;viandes, œufs, poissons et assimilés;281.0;16.5;5.67;21.2
8291;Terrine de poisson, préemballée;viandes, œufs, poissons et assimilés;171.0;11.0;5.5;11.4
26181;Thon albacore ou thon jaune, au naturel, appertisé, égoutté;viandes, œufs, poissons et assimilés;128.0;26.6;0.58;1.98
26064;Thon albacore ou thon jaune, cru;viandes, œufs, poissons et assimilés;108.0;25.0;0.0;0.94
26076;Thon germon ou thon blanc, cru;viandes, œufs, poissons et assimilés;121.0;27.2;0.0;1.37
26077;Thon germon ou thon blanc, cuit à la vapeur sous pression;viandes, œufs, poissons et assimilés;165.0;30.0;0.0;5.06
26179;Thon germon ou thon blanc, à l'huile d'olive, appertisé, égoutté;viandes, œufs, poissons et assimilés;192.0;31.3;1.01;6.95
26068;Thon listao ou Bonite à ventre rayé, cru;viandes, œufs, poissons et assimilés;97.1;22.0;0.0;1.01
26069;Thon rouge, cru;viandes, œufs, poissons et assimilés;155.0;23.3;0.0;6.81
26180;Thon à l'huile de tournesol, entier, appertisé, égoutté;viandes, œufs, poissons et assimilés;206.0;23.3;0.76;12.2
26245;Thon à l'huile de tournesol, miettes, appertisées, égouttées;viandes, œufs, poissons et assimilés;227.0;23.4;0.0;14.8
26242;Thon à la tomate, miettes, appertisées, égouttées;viandes, œufs, poissons et assimilés;130.0;14.6;4.33;5.93
26039;Thon, au naturel, appertisé, égoutté;viandes, œufs, poissons et assimilés;111.0;26.8;0.0;0.4
26053;Thon, cru;viandes, œufs, poissons et assimilés;144.0;24.0;0.0;5.38
26041;Thon, rôti/cuit au four;viandes, œufs, poissons et assimilés;136.0;29.9;0.0;1.83
26243;Thon, à la catalane ou à l'escabèche (sauce tomate), appertisé;viandes, œufs, poissons et assimilés;142.0;10.8;5.05;8.6
11070;Thym, frais;aides culinaires et ingrédients divers;107.0;5.56;10.5;1.68
11038;Thym, séché;aides culinaires et ingrédients divers;285.0;9.11;26.9;7.43
18020;Thé infusé, non sucré;eaux et autres boissons;0.06;0.0;0.0;0.01
18154;Thé noir, infusé, non sucré;eaux et autres boissons;1.26;0.0;0.3;0.01
18156;Thé oolong, infusé, non sucré;eaux et autres boissons;0.0;0.0;0.0;0.0
18155;Thé vert, infusé, non sucré;eaux et autres boissons;5.1;0.0;1.09;0.0
18076;Thé, feuille;eaux et autres boissons;232.0;19.4;6.3;2.0
26268;Tielle sétoise, préemballée;entrées et plats composés;306.0;8.15;30.9;16.0
27019;Tilapia, cru;viandes, œufs, poissons et assimilés;91.6;18.1;0.0;2.13
19698;Tiramisu, préemballé;produits laitiers et assimilés;241.0;4.25;30.4;9.8
18022;Tisane infusée, non sucrée;eaux et autres boissons;0.87;0.0;0.2;0.01
25523;Toasts ou Canapés salés, garnitures diverses, préemballés;entrées et plats composés;233.0;9.09;17.8;13.3
20912;Tofu fumé, préemballé;viandes, œufs, poissons et assimilés;164.0;14.9;2.91;9.5
20904;Tofu nature, préemballé;viandes, œufs, poissons et assimilés;148.0;13.4;2.87;8.5
20906;Tofu soyeux, préemballé;aides culinaires et ingrédients divers;54.3;4.57;1.53;2.9
20172;Tomate cerise, crue;fruits, légumes, légumineuses et oléagineux;33.7;1.31;5.62;0.0
20192;Tomate côtelée ou coeur de boeuf, crue;fruits, légumes, légumineuses et oléagineux;19.8;0.5;3.23;0.0
25103;Tomate farcie;entrées et plats composés;122.0;5.49;2.0;9.67
20584;Tomate grappe, crue;fruits, légumes, légumineuses et oléagineux;20.1;0.5;3.03;0.0
20276;Tomate ronde, crue;fruits, légumes, légumineuses et oléagineux;20.3;0.5;3.59;0.0
20068;Tomate, concentré, appertisé;fruits, légumes, légumineuses et oléagineux;99.2;4.4;17.1;0.53
20047;Tomate, crue;fruits, légumes, légumineuses et oléagineux;19.3;0.86;2.49;0.26
20268;Tomate, double concentré, appertisé;fruits, légumes, légumineuses et oléagineux;92.8;3.73;17.0;0.29
20048;Tomate, pelée, appertisée, égouttée;fruits, légumes, légumineuses et oléagineux;18.3;1.07;1.89;0.28
20289;Tomate, pulpe et peau, rôtie/cuite au four;fruits, légumes, légumineuses et oléagineux;31.1;0.88;4.13;0.6
20169;Tomate, pulpe, appertisée;fruits, légumes, légumineuses et oléagineux;26.1;1.2;3.63;0.0
20170;Tomate, purée, appertisée;fruits, légumes, légumineuses et oléagineux;47.1;1.4;7.54;0.4
20334;Tomate, rôtie/cuite au four;fruits, légumes, légumineuses et oléagineux;25.3;1.0;3.53;0.4
20256;Tomate, séchée, à l'huile;fruits, légumes, légumineuses et oléagineux;187.0;4.27;13.4;11.7
12763;Tome des Bauges;produits laitiers et assimilés;381.0;26.6;0.0;30.8
12759;Tomme ou tome de montagne ou de Savoie;produits laitiers et assimilés;364.0;25.6;0.0;29.1
12758;Tomme ou tome de vache;produits laitiers et assimilés;350.0;21.6;0.0;29.4
12760;Tomme ou tome, allégée en matière grasse, environ 13% MG;produits laitiers et assimilés;231.0;31.0;0.0;12.1
20196;Topinambour, cru;fruits, légumes, légumineuses et oléagineux;60.7;1.94;11.5;0.31
20050;Topinambour, cuit;fruits, légumes, légumineuses et oléagineux;81.9;1.8;16.0;0.7
22510;Tortilla espagnole aux oignons (omelette aux pommes de terre et oignons), préemballée;viandes, œufs, poissons et assimilés;165.0;5.56;11.7;9.9
7815;Tortilla souple (à garnir), à base de blé;produits céréaliers;327.0;8.34;52.1;8.2
7813;Tortilla souple (à garnir), à base de maïs;produits céréaliers;313.0;9.06;54.7;5.8
25560;Tourte au riesling, préemballée;entrées et plats composés;251.0;10.2;23.7;12.6
8601;Tripes à la mode de Caen;entrées et plats composés;116.0;20.4;0.3;3.68
8602;Tripes à la mode de Caen, préemballées;entrées et plats composés;112.0;18.4;0.7;3.62
8612;Tripes à la tomate ou à la provençale;entrées et plats composés;94.1;15.7;0.6;3.2
40502;Tripes, boeuf, crues;viandes, œufs, poissons et assimilés;81.5;12.1;0.0;3.69
27009;Truite arc en ciel, crue, élevage;viandes, œufs, poissons et assimilés;132.0;19.0;0.0;6.24
27015;Truite arc en ciel, élevage, cuite à la vapeur;viandes, œufs, poissons et assimilés;117.0;20.0;0.0;4.14
27014;Truite arc en ciel, élevage, rôtie/cuite au four;viandes, œufs, poissons et assimilés;143.0;21.5;0.0;6.33
27008;Truite d'élevage, crue;viandes, œufs, poissons et assimilés;133.0;19.3;0.0;6.22
27029;Truite d'élevage, fumée;viandes, œufs, poissons et assimilés;180.0;23.4;0.69;9.27
26092;Truite de mer, crue;viandes, œufs, poissons et assimilés;111.0;19.6;0.0;3.63
27021;Truite saumonée, crue;viandes, œufs, poissons et assimilés;143.0;19.2;0.0;7.4
27007;Truite, cuite à la vapeur;viandes, œufs, poissons et assimilés;99.4;19.0;0.0;2.6
27006;Truite, rôtie/cuite au four;viandes, œufs, poissons et assimilés;183.0;26.6;0.0;8.47
26201;Turbot d'élevage, cru;viandes, œufs, poissons et assimilés;109.0;18.3;0.0;3.94
26042;Turbot sauvage, cru;viandes, œufs, poissons et assimilés;91.5;17.2;0.0;2.54
26174;Turbot, cru;viandes, œufs, poissons et assimilés;85.5;17.9;0.0;1.55
26094;Turbot, rôti/cuit au four;viandes, œufs, poissons et assimilés;118.0;21.3;0.0;3.64
12848;Valençay (fromage de chèvre);produits laitiers et assimilés;306.0;19.3;0.0;25.5
11065;Vanille, extrait alcoolique;aides culinaires et ingrédients divers;240.0;0.05;2.41;0.0
11098;Vanille, extrait aqueux;aides culinaires et ingrédients divers;57.7;0.03;14.4;0.0
6513;Veau, carré, cru;viandes, œufs, poissons et assimilés;145.0;19.5;0.4;7.25
6512;Veau, carré, sauté/poêlé;viandes, œufs, poissons et assimilés;171.0;28.0;0.0;6.6
6591;Veau, collier, braisé ou bouilli;viandes, œufs, poissons et assimilés;233.0;34.9;0.0;10.4
6590;Veau, collier, cru;viandes, œufs, poissons et assimilés;133.0;19.8;0.0;5.92
6510;Veau, côte, crue;viandes, œufs, poissons et assimilés;189.0;18.3;0.0;12.9
6511;Veau, côte, grillée/poêlée;viandes, œufs, poissons et assimilés;156.0;25.1;0.0;6.24
25173;Veau, escalope panée, cuite;viandes, œufs, poissons et assimilés;271.0;22.9;12.6;14.1
6521;Veau, escalope, crue;viandes, œufs, poissons et assimilés;108.0;20.7;0.58;2.6
6520;Veau, escalope, cuite;viandes, œufs, poissons et assimilés;147.0;31.0;0.0;2.5
6530;Veau, filet, cru;viandes, œufs, poissons et assimilés;95.0;20.6;0.0;1.4
6531;Veau, filet, rôti/cuit au four;viandes, œufs, poissons et assimilés;201.0;23.4;0.5;11.7
6581;Veau, jarret, braisé ou bouilli;viandes, œufs, poissons et assimilés;207.0;37.4;0.0;6.43
6583;Veau, jarret, cru;viandes, œufs, poissons et assimilés;118.0;21.3;0.0;3.66
6522;Veau, noix, crue;viandes, œufs, poissons et assimilés;111.0;21.8;0.0;2.58
6523;Veau, noix, grillée/poêlée;viandes, œufs, poissons et assimilés;147.0;29.1;0.0;3.44
6524;Veau, noix, rôtie;viandes, œufs, poissons et assimilés;147.0;29.1;0.0;3.44
6580;Veau, pied, cru;viandes, œufs, poissons et assimilés;184.0;19.1;0.0;12.0
6540;Veau, poitrine, crue;viandes, œufs, poissons et assimilés;176.0;18.7;0.0;11.2
6550;Veau, rôti, cru;viandes, œufs, poissons et assimilés;145.0;27.3;0.0;3.96
6551;Veau, rôti, cuit;viandes, œufs, poissons et assimilés;143.0;28.1;0.0;3.39
6536;Veau, steak haché 15% MG, cru;viandes, œufs, poissons et assimilés;208.0;18.2;0.0;15.0
6535;Veau, steak haché 20% MG, cru;viandes, œufs, poissons et assimilés;243.0;16.7;0.4;19.5
6582;Veau, tête, bouillie/cuite à l'eau;viandes, œufs, poissons et assimilés;187.0;21.0;0.0;11.4
6564;Veau, viande, cuite (aliment moyen);viandes, œufs, poissons et assimilés;169.0;29.0;0.74;5.55
6563;Veau, épaule, braisée ou bouillie;viandes, œufs, poissons et assimilés;219.0;36.4;0.0;8.14
6560;Veau, épaule, crue;viandes, œufs, poissons et assimilés;124.0;20.7;0.0;4.63
6562;Veau, épaule, grillée/poêlée;viandes, œufs, poissons et assimilés;166.0;27.6;0.0;6.17
9901;Vermicelle de riz, cuite, non salée;produits céréaliers;89.3;1.43;20.1;0.0
9900;Vermicelle de riz, sèche;produits céréaliers;365.0;7.44;80.5;1.0
9903;Vermicelle de soja, cuite, non salée;produits céréaliers;61.2;0.0;14.4;0.1
9902;Vermicelle de soja, sèche;produits céréaliers;344.0;0.0;84.7;0.14
6584;Viande blanche, cuite (aliment moyen);viandes, œufs, poissons et assimilés;173.0;28.1;0.26;6.55
6999;Viande cuite (aliment moyen);viandes, œufs, poissons et assimilés;182.0;27.2;0.24;8.04
28860;Viande des Grisons;viandes, œufs, poissons et assimilés;209.0;38.9;1.0;5.47
25172;Viande en sauce (aliment moyen);entrées et plats composés;104.0;11.3;3.65;4.6
6585;Viande rouge, cuite (aliment moyen);viandes, œufs, poissons et assimilés;195.0;26.0;0.03;10.1
7600;Viennoiserie (aliment moyen);produits sucrés;380.0;7.77;49.1;16.2
5214;Vin rouge;eaux et autres boissons;82.1;0.07;2.63;0.0
11018;Vinaigre;aides culinaires et ingrédients divers;22.6;0.04;0.62;0.1
11091;Vinaigre balsamique;aides culinaires et ingrédients divers;125.0;0.69;25.8;0.0
11220;Vinaigre de vin rouge;aides culinaires et ingrédients divers;21.6;0.0;0.0;0.0
26146;Vivaneau, cru;viandes, œufs, poissons et assimilés;94.1;20.5;0.0;1.34
26147;Vivaneau, cuit;viandes, œufs, poissons et assimilés;121.0;26.3;0.0;1.72
1008;Vodka;eaux et autres boissons;242.0;0.0;0.0;0.0
25512;Volaille, croquette panée ou nuggets;viandes, œufs, poissons et assimilés;239.0;13.1;16.2;13.2
36900;Volaille, cuite (aliment moyen);viandes, œufs, poissons et assimilés;166.0;27.6;0.28;5.96
20984;Wakamé (Undaria pinnatifida), séchée ou déshydratée;aides culinaires et ingrédients divers;184.0;14.1;5.7;2.51
20999;Wakamé atlantique (Alaria esculenta), séchée ou déshydratée;aides culinaires et ingrédients divers;187.0;12.3;6.28;1.53
1005;Whisky;eaux et autres boissons;252.0;0.0;0.1;0.0
25565;Yakitori (brochettes japonaises grillées en sauce);entrées et plats composés;172.0;26.0;9.3;3.3
19553;Yaourt au lait de brebis, aromatisé, sucré;produits laitiers et assimilés;93.7;5.04;9.33;3.7
19556;Yaourt au lait de chèvre, nature, 5% MG environ;produits laitiers et assimilés;73.4;4.15;1.12;5.2
19628;Yaourt ou spécialité laitière aux fruits (aliment moyen);produits laitiers et assimilés;93.1;3.2;12.8;2.89
19600;Yaourt ou spécialité laitière nature (aliment moyen);produits laitiers et assimilés;56.8;3.88;4.73;2.3
19624;Yaourt ou spécialité laitière nature ou aux fruits (aliment moyen);produits laitiers et assimilés;69.4;3.65;7.47;2.5
19550;Yaourt à la grecque, au lait de brebis;produits laitiers et assimilés;69.1;3.84;4.99;3.4
19682;Yaourt, lait fermenté ou spécialité laitière, aromatisé ou aux fruits (aliment moyen);produits laitiers et assimilés;89.3;3.32;12.4;2.63
19671;Yaourt, lait fermenté ou spécialité laitière, aromatisé ou aux fruits, 0% MG (aliment moyen);produits laitiers et assimilés;42.4;4.29;4.92;0.13
19675;Yaourt, lait fermenté ou spécialité laitière, aromatisé ou aux fruits, avec édulcorants (aliment moyen);produits laitiers et assimilés;42.4;4.29;4.92;0.13
19672;Yaourt, lait fermenté ou spécialité laitière, aromatisé ou aux fruits, non allégé en MG (aliment moyen);produits laitiers et assimilés;93.2;3.24;12.9;2.81
19676;Yaourt, lait fermenté ou spécialité laitière, aromatisé ou aux fruits, sucré (aliment moyen);produits laitiers et assimilés;93.3;3.24;13.0;2.83
19677;Yaourt, lait fermenté ou spécialité laitière, aromatisé ou aux fruits, sucré, non allégé en MG (aliment moyen);produits laitiers et assimilés;93.2;3.24;13.0;2.83
19559;Yaourt, lait fermenté ou spécialité laitière, aromatisé, avec édulcorants, 0% MG;produits laitiers et assimilés;54.5;4.53;8.29;0.06
19575;Yaourt, lait fermenté ou spécialité laitière, aromatisé, sucré;produits laitiers et assimilés;89.1;3.42;12.2;2.6
19580;Yaourt, lait fermenté ou spécialité laitière, aux copeaux de chocolat, à la crème, sucré;produits laitiers et assimilés;122.0;3.51;14.1;5.1
19581;Yaourt, lait fermenté ou spécialité laitière, aux fruits, avec édulcorants, 0% MG;produits laitiers et assimilés;38.9;4.21;3.72;0.0
19587;Yaourt, lait fermenté ou spécialité laitière, aux fruits, sucré;produits laitiers et assimilés;95.7;3.61;14.2;2.4
19589;Yaourt, lait fermenté ou spécialité laitière, aux fruits, sucré, à la crème;produits laitiers et assimilés;109.0;2.42;14.5;4.28
19593;Yaourt, lait fermenté ou spécialité laitière, nature;produits laitiers et assimilés;45.5;3.96;2.65;1.5
19594;Yaourt, lait fermenté ou spécialité laitière, nature, 0% MG;produits laitiers et assimilés;39.4;4.82;4.1;0.06
19599;Yaourt, lait fermenté ou spécialité laitière, nature, sucré;produits laitiers et assimilés;84.3;3.48;12.5;1.95
19598;Yaourt, lait fermenté ou spécialité laitière, nature, à la crème;produits laitiers et assimilés;115.0;3.06;3.08;9.8
20097;Échalote, crue;fruits, légumes, légumineuses et oléagineux;63.6;1.81;12.2;0.0
20335;Échalote, sautée/poêlée sans matière grasse;fruits, légumes, légumineuses et oléagineux;66.9;2.0;12.3;0.4
10030;Écrevisse, crue;viandes, œufs, poissons et assimilés;68.3;14.8;0.81;0.64
10031;Écrevisse, cuite;viandes, œufs, poissons et assimilés;73.5;16.3;0.56;0.7
31087;Édulcorant à base d'extrait de stévia;produits sucrés;238.0;0.0;98.0;0.2
11506;Édulcorant à l'aspartame, en pastilles;produits sucrés;216.0;6.35;69.3;0.0
26122;Églefin, cru;viandes, œufs, poissons et assimilés;72.3;17.3;0.0;0.35
26008;Églefin, cuit à la vapeur;viandes, œufs, poissons et assimilés;89.0;20.9;0.0;0.6
26126;Églefin, grillé/poêlé;viandes, œufs, poissons et assimilés;84.9;20.0;0.0;0.55
28911;Épaule de porc, cuite, choix, découennée dégraissée;viandes, œufs, poissons et assimilés;121.0;18.0;1.93;4.5
28924;Épaule de porc, cuite, standard, découennée dégraissée;viandes, œufs, poissons et assimilés;123.0;13.7;3.58;5.98
9001;Épeautre, cru;produits céréaliers;344.0;14.6;59.5;2.43
26083;Éperlan, cru;viandes, œufs, poissons et assimilés;85.4;17.5;0.0;1.7
20336;Épinard, bouilli/cuit à l'eau;fruits, légumes, légumineuses et oléagineux;28.1;3.38;0.0;0.7
20270;Épinard, jeunes pousses pour salades, cru;fruits, légumes, légumineuses et oléagineux;18.3;2.06;0.0;0.4
12038;Époisses;produits laitiers et assimilés;290.0;17.8;0.0;24.5
